[dotenv@17.3.1] injecting env (2) from ..\..\.env -- tip: 🤖 agentic secret storage: https://dotenvx.com/as2
[dotenv@17.3.1] injecting env (0) from ..\..\.env -- tip: 🔐 prevent building .env in docker: https://dotenvx.com/prebuild
Worker started
(node:22648) Warning: SECURITY WARNING: The SSL modes 'prefer', 'require', and 'verify-ca' are treated as aliases for 'verify-full'.
In the next major version (pg-connection-string v3.0.0 and pg v9.0.0), these modes will adopt standard libpq semantics, which have weaker security guarantees.

To prepare for this change:
- If you want the current behavior, explicitly use 'sslmode=verify-full'
- If you want libpq compatibility now, use 'uselibpqcompat=true&sslmode=require'

See https://www.postgresql.org/docs/current/libpq-ssl.html for libpq SSL mode definitions.
(Use `node --trace-warnings ...` to show where the warning was created)
stderr: ffmpeg version N-126455-gecc7eb519e-20260907 Copyright (c) 2000-2026 the FFmpeg developers
  built with gcc 15.2.0 (crosstool-NG 1.28.0.23_185f348)
  configuration: --prefix=/ffbuild/prefix --pkg-config-flags=--static --pkg-config=pkg-config --cross-prefix=x86_64-w64-mingw32- --arch=x86_64 --target-os=mingw32 --enable-gpl --enable-version3 --disable-debug --disable-w32threads --enable-pthreads --enable-iconv --enable-zlib --enable-libxml2 --enable-libvmaf --enable-fontconfig --enable-libharfbuzz --enable-libfreetype --enable-libfribidi --enable-vulkan --enable-libvorbis --disable-libxcb --disable-xlib --disable-libpulse --enable-gmp --enable-lzma --enable-liblcevc-dec --enable-opencl --enable-amf --enable-libaom --enable-libaribb24 --enable-avisynth --enable-chromaprint --enable-libdav1d --enable-libdavs2 --enable-libdvdread --enable-libdvdnav --disable-libfdk-aac --enable-ffnvcodec --enable-cuda-llvm --enable-frei0r --enable-libgme --enable-libkvazaar --enable-libaribcaption --enable-libass --enable-libbluray --enable-libjxl --enable-libmp3lame --enable-libopus --enable-libplacebo --enable-librist --enable-libssh --enable-libtheora --enable-libvpx --enable-libwebp --enable-libzmq --enable-lv2 --enable-libvpl --enable-openal --enable-liboapv --enable-libopencore-amrnb --enable-libopencore-amrwb --enable-libopenh264 --enable-libopenjpeg --enable-libopenmpt --enable-librav1e --enable-librubberband --enable-schannel --enable-sdl2 --enable-libsnappy --enable-libsoxr --enable-libsrt --enable-libsvtav1 --enable-libtwolame --enable-libuavs3d --disable-libdrm --enable-vaapi --enable-libvidstab --enable-libvvenc --disable-whisper --enable-libx264 --enable-libx265 --enable-libxavs2 --enable-libxvid --enable-libzimg --enable-libzvbi --extra-cflags=-DLIBTWOLAME_STATIC --extra-cxxflags= --extra-libs=-lgomp --extra-ldflags=-pthread --extra-ldexeflags= --cc=x86_64-w64-mingw32-gcc --cxx=x86_64-w64-mingw32-g++ --ar=x86_64-w64-mingw32-gcc-ar --ranlib=x86_64-w64-mingw32-gcc-ranlib --nm=x86_64-w64-mingw32-gcc-nm --extra-version=20260907
  libavutil      61.  7.100 / 61.  7.100
  libavcodec     63. 11.100 / 63. 11.100
  libavformat    63.  6.100 / 63.  6.100

stderr:   libavdevice    63.  2.100 / 63.  2.100
  libavfilter    12.  4.100 / 12.  4.100
  libswscale     10.  2.100 / 10.  2.100
  libswresample   7.  3.100 /  7.  3.100

stderr: Input #0, mov,mp4,m4a,3gp,3g2,mj2, from 'D:\youtube\youtube-like-transcoder-main\uploads\565848111efa4db706ab23eaba7717ee':
  Metadata:
    major_brand     : mp42
    minor_version   : 0
    compatible_brands: mp41isom
    creation_time   : 2026-08-14T13:12:02.000000Z
  Duration: 00:03:14.23, start: 0.000000, bitrate: 8663 kb/s

stderr:   Stream #0:0[0x1](und): Video: h264 (Main) (avc1 / 0x31637661), yuv420p(progressive), 1920x1080 [SAR 1:1 DAR 16:9], 8662 kb/s, 30 fps, 30 tbr, 30k tbn (default)
    Metadata:
      creation_time   : 2026-08-14T13:12:02.000000Z
      handler_name    : VideoHandler
      encoder         : AVC Coding

stderr: Stream mapping:
  Stream #0:0 -> #0:0 (h264 (native) -> mjpeg (native))

stderr: Press [q] to stop, [?] for help

stderr: Output #0, image2, to 'D:\youtube\youtube-like-transcoder-main\uploads\565848111efa4db706ab23eaba7717ee_hls\thumbnails.jpg':
  Metadata:
    encoder         : Lavf63.6.100
  Stream #0:0
stderr: (und): Video: mjpeg, yuv420p(pc, progressive), 1622x370 [SAR 1:1 DAR 811:185], q=2-31, 200 kb/s, 0.0050 fps, 0.0050 tbn (default)
    Metadata:
      encoder         : Lavc63.11.100 mjpeg
      creation_time   : 2026-08-14T13:12:02.000000Z
      handler_name    : VideoHandler
    Side data:
      CPB properties: bitrate max/min/avg: 0/0/200000 buffer size: 0 vbv_delay: N/A

stderr: [out#0/image2 @ 000002ac5ffc3c00] video:70KiB audio:0KiB subtitle:0KiB other streams:0KiB global headers:0KiB muxing overhead: unknown
frame=    1 fps=0.4 q=4.0 Lsize=N/A time=00:03:20.00 bitrate=N/A speed=74.2x elapsed=0:00:02.69    

Thumbnails generated at D:\youtube\youtube-like-transcoder-main\uploads\565848111efa4db706ab23eaba7717ee_hls/thumbnails.jpg
stderr: ffmpeg version N-126455-gecc7eb519e-20260907 Copyright (c) 2000-2026 the FFmpeg developers
  built with gcc 15.2.0 (crosstool-NG 1.28.0.23_185f348)
  configuration: --prefix=/ffbuild/prefix --pkg-config-flags=--static --pkg-config=pkg-config --cross-prefix=x86_64-w64-mingw32- --arch=x86_64 --target-os=mingw32 --enable-gpl --enable-version3 --disable-debug --disable-w32threads --enable-pthreads --enable-iconv --enable-zlib --enable-libxml2 --enable-libvmaf --enable-fontconfig --enable-libharfbuzz --enable-libfreetype --enable-libfribidi --enable-vulkan --enable-libvorbis --disable-libxcb --disable-xlib --disable-libpulse --enable-gmp --enable-lzma --enable-liblcevc-dec --enable-opencl --enable-amf --enable-libaom --enable-libaribb24 --enable-avisynth --enable-chromaprint --enable-libdav1d --enable-libdavs2 --enable-libdvdread --enable-libdvdnav --disable-libfdk-aac --enable-ffnvcodec --enable-cuda-llvm --enable-frei0r --enable-libgme --enable-libkvazaar --enable-libaribcaption --enable-libass --enable-libbluray --enable-libjxl --enable-libmp3lame --enable-libopus --enable-libplacebo --enable-librist --enable-libssh --enable-libtheora --enable-libvpx --enable-libwebp --enable-libzmq --enable-lv2 --enable-libvpl --enable-openal --enable-liboapv --enable-libopencore-amrnb --enable-libopencore-amrwb --enable-libopenh264 --enable-libopenjpeg --enable-libopenmpt --enable-librav1e --enable-librubberband --enable-schannel --enable-sdl2 --enable-libsnappy --enable-libsoxr --enable-libsrt --enable-libsvtav1 --enable-libtwolame --enable-libuavs3d --disable-libdrm --enable-vaapi --enable-libvidstab --enable-libvvenc --disable-whisper --enable-libx264 --enable-libx265 --enable-libxavs2 --enable-libxvid --enable-libzimg --enable-libzvbi --extra-cflags=-DLIBTWOLAME_STATIC --extra-cxxflags= --extra-libs=-lgomp --extra-ldflags=-pthread --extra-ldexeflags= --cc=x86_64-w64-mingw32-gcc --cxx=x86_64-w64-mingw32-g++ --ar=x86_64-w64-mingw32-gcc-ar --ranlib=x86_64-w64-mingw32-gcc-ranlib --nm=x86_64-w64-mingw32-gcc-nm --extra-version=20260907
  libavutil      61.  7.100 / 61.  7.100
  libavcodec     63. 11.100 / 63. 11.100
  libavformat    63.  6.100 / 63.  6.100
  libavdevice    63.  2.100 / 63.  2.100
  libavfilter    12.  4.100 / 12.  4.100

stderr:   libswscale     10.  2.100 / 10.  2.100
  libswresample   7.  3.100 /  7.  3.100

stderr: Input #0, mov,mp4,m4a,3gp,3g2,mj2, from 'D:\youtube\youtube-like-transcoder-main\uploads\565848111efa4db706ab23eaba7717ee':
  Metadata:
    major_brand     : mp42
    minor_version   : 0
    compatible_brands: mp41isom
    creation_time   : 2026-08-14T13:12:02.000000Z
  Duration: 00:03:14.23, start: 0.000000, bitrate: 8663 kb/s
  Stream #0:0[0x1](und): Video: h264 (Main) (avc1 / 0x31637661), yuv420p(progressive), 1920x1080 [SAR 1:1 DAR 16:9], 8662 kb/s, 30 fps, 30 tbr, 30k tbn (default)
    Metadata:

stderr:       creation_time   : 2026-08-14T13:12:02.000000Z
      handler_name    : VideoHandler
      encoder         : AVC Coding

stderr: Stream mapping:
  Stream #0:0 (h264) -> split:default
  scale:default -> Stream #0:0 (libx264)
  scale:default -> Stream #1:0 (libx264)
  scale:default -> Stream #2:0 (libx264)

stderr: Press [q] to stop, [?] for help

stderr: [libx264 @ 000001bcc9d94f80] using SAR=1/1

stderr: [libx264 @ 000001bcc9d94f80] using cpu capabilities: MMX2 SSE2Fast SSSE3 SSE4.2 AVX FMA3 BMI2 AVX2

stderr: [libx264 @ 000001bcc9d94f80] profile High, level 3.0, 4:2:0, 8-bit

stderr: [libx264 @ 000001bcc9d94f80] 264 - core 165 - H.264/MPEG-4 AVC codec - Copyleft 2003-2025 - http://www.videolan.org/x264.html - options: cabac=1 ref=2 deblock=1:0:0 analyse=0x3:0x113 me=hex subme=6 psy=1 psy_rd=1.00:0.00 mixed_ref=1 me_range=16 chroma_me=1 trellis=1 8x8dct=1 cqm=0 deadzone=21,11 fast_pskip=1 chroma_qp_offset=-2 threads=11 lookahead_threads=1 sliced_threads=0 nr=0 decimate=1 interlaced=0 bluray_compat=0 constrained_intra=0 bframes=3 b_pyramid=2 b_adapt=1 b_bias=0 direct=1 weightb=1 open_gop=0 weightp=1 keyint=250 keyint_min=25 scenecut=40 intra_refresh=0 rc_lookahead=30 rc=crf mbtree=1 crf=28.0 qcomp=0.60 qpmin=0 qpmax=69 qpstep=4 ip_ratio=1.40 aq=1:1.00

stderr: Output #0, hls, to 'D:\youtube\youtube-like-transcoder-main\uploads\565848111efa4db706ab23eaba7717ee_hls\360p.m3u8':
  Metadata:
    encoder         : Lavf63.6.100
  Stream #0:0: Video: h264, yuv420p(tv, progressive), 640x360 [SAR 1:1 DAR 16:9], q=2-31, 30 fps, 90k tbn
    Metadata:
      encoder         : Lavc63.11.100 libx264
    Side data:
      CPB properties: bitrate max/min/avg: 0/0/0 buffer size: 0 vbv_delay: N/A

stderr: [libx264 @ 000001bcc9d9fe00] using SAR=1/1

stderr: [libx264 @ 000001bcc9d9fe00] using cpu capabilities: MMX2 SSE2Fast SSSE3 SSE4.2 AVX FMA3 BMI2 AVX2

stderr: [libx264 @ 000001bcc9d9fe00] profile High, level 3.1, 4:2:0, 8-bit
[libx264 @ 000001bcc9d9fe00] 264 - core 165 - H.264/MPEG-4 AVC codec - Copyleft 2003-2025 - http://www.videolan.org/x264.html - options: cabac=1 ref=2 deblock=1:0:0 analyse=0x3:0x113 me=hex subme=6 psy=1 psy_rd=1.00:0.00 mixed_ref=1 me_range=16 chroma_me=1 trellis=1 8x8dct=1 cqm=0 deadzone=21,11 fast_pskip=1 chroma_qp_offset=-2 threads=22 lookahead_threads=3 sliced_threads=0 nr=0 decimate=1 interlaced=0 bluray_compat=0 constrained_intra=0 bframes=3 b_pyramid=2 b_adapt=1 b_bias=0 direct=1 weightb=1 open_gop=0 weightp=1 keyint=250 keyint_min=25 scenecut=40 intra_refresh=0 rc_lookahead=30 rc=crf mbtree=1 crf=23.0 qcomp=0.60 qpmin=0 qpmax=69 qpstep=4 ip_ratio=1.40 aq=1:1.00
Output #1, hls, to 'D:\youtube\youtube-like-transcoder-main\uploads\565848111efa4db706ab23eaba7717ee_hls\720p.m3u8':
  Metadata:
    encoder         : Lavf63.6.100
  Stream #1:0: Video: h264, yuv420p(tv, progressive), 1280x720 [SAR 1:1 DAR 16:9], q=2-31, 30 fps, 90k tbn
    Metadata:
      encoder         : Lavc63.11.100 libx264
    Side data:

stderr:       CPB properties: bitrate max/min/avg: 0/0/0 buffer size: 0 vbv_delay: N/A
[libx264 @ 000001bccc0b00c0] using SAR=1/1

stderr: [libx264 @ 000001bccc0b00c0] using cpu capabilities: MMX2 SSE2Fast SSSE3 SSE4.2 AVX FMA3 BMI2 AVX2

stderr: [libx264 @ 000001bccc0b00c0] profile High, level 4.0, 4:2:0, 8-bit

stderr: [libx264 @ 000001bccc0b00c0] 264 - core 165 - H.264/MPEG-4 AVC codec - Copyleft 2003-2025 - http://www.videolan.org/x264.html - options: cabac=1 ref=2 deblock=1:0:0 analyse=0x3:0x113 me=hex subme=6 psy=1 psy_rd=1.00:0.00 mixed_ref=1 me_range=16 chroma_me=1 trellis=1 8x8dct=1 cqm=0 deadzone=21,11 fast_pskip=1 chroma_qp_offset=-2 threads=24 lookahead_threads=4 sliced_threads=0 nr=0 decimate=1 interlaced=0 bluray_compat=0 constrained_intra=0 bframes=3 b_pyramid=2 b_adapt=1 b_bias=0 direct=1 weightb=1 open_gop=0 weightp=1 keyint=250 keyint_min=25 scenecut=40 intra_refresh=0 rc_lookahead=30 rc=crf mbtree=1 crf=20.0 qcomp=0.60 qpmin=0 qpmax=69 qpstep=4 ip_ratio=1.40 aq=1:1.00
Output #2, hls, to 'D:\youtube\youtube-like-transcoder-main\uploads\565848111efa4db706ab23eaba7717ee_hls\1080p.m3u8':
  Metadata:
    encoder         : Lavf63.6.100
  Stream #2:0: Video: h264, yuv420p(tv, progressive), 1920x1080 [SAR 1:1 DAR 16:9], q=2-31, 30 fps, 90k tbn
    Metadata:
      encoder         : Lavc63.11.100 libx264
    Side data:
      CPB properties: bitrate max/min/avg: 0/0/0 buffer size: 0 vbv_delay: N/A

stderr: frame=   38 fps=0.0 q=34.0 q=29.0 q=26.0 size=N/A time=00:00:01.20 bitrate=N/A speed=2.32x elapsed=0:00:00.51    
stderr: frame=  144 fps=139 q=34.0 q=29.0 q=26.0 size=N/A time=00:00:04.73 bitrate=N/A speed=4.56x elapsed=0:00:01.03    
stderr: frame=  237 fps=153 q=34.0 q=29.0 q=26.0 size=N/A time=00:00:07.83 bitrate=N/A speed=5.06x elapsed=0:00:01.54    
stderr: [hls @ 000001bcc9d95600] Opening 'D:\youtube\youtube-like-transcoder-main\uploads\565848111efa4db706ab23eaba7717ee_hls\360p_000.ts' for writing

stderr: [hls @ 000001bccbca00c0] Opening 'D:\youtube\youtube-like-transcoder-main\uploads\565848111efa4db706ab23eaba7717ee_hls\720p_000.ts' for writing

stderr: [hls @ 000001bcc9da01c0] Opening 'D:\youtube\youtube-like-transcoder-main\uploads\565848111efa4db706ab23eaba7717ee_hls\1080p_000.ts' for writing

stderr: frame=  312 fps=151 q=34.0 q=29.0 q=26.0 size=N/A time=00:00:10.33 bitrate=N/A speed=   5x elapsed=0:00:02.06    
stderr: frame=  403 fps=156 q=34.0 q=29.0 q=26.0 size=N/A time=00:00:13.36 bitrate=N/A speed=5.18x elapsed=0:00:02.57    
stderr: frame=  491 fps=158 q=31.0 q=26.0 q=26.0 size=N/A time=00:00:16.30 bitrate=N/A speed=5.26x elapsed=0:00:03.10    
stderr: [hls @ 000001bcc9d95600] Opening 'D:\youtube\youtube-like-transcoder-main\uploads\565848111efa4db706ab23eaba7717ee_hls\360p_001.ts' for writing

stderr: frame=  511 fps=141 q=34.0 q=29.0 q=26.0 size=N/A time=00:00:16.96 bitrate=N/A speed=4.68x elapsed=0:00:03.62    
stderr: [hls @ 000001bccbca00c0] Opening 'D:\youtube\youtube-like-transcoder-main\uploads\565848111efa4db706ab23eaba7717ee_hls\720p_001.ts' for writing

stderr: [hls @ 000001bcc9da01c0]
stderr:  
stderr: Opening 'D:\youtube\youtube-like-transcoder-main\uploads\565848111efa4db706ab23eaba7717ee_hls\1080p_001.ts' for writing

stderr: frame=  531 fps=128 q=34.0 q=29.0 q=26.0 size=N/A time=00:00:17.63 bitrate=N/A speed=4.24x elapsed=0:00:04.16    
stderr: frame=  555 fps=118 q=34.0 q=29.0 q=26.0 size=N/A time=00:00:18.43 bitrate=N/A speed=3.93x elapsed=0:00:04.69    
stderr: frame=  577 fps=111 q=34.0 q=29.0 q=26.0 size=N/A time=00:00:19.16 bitrate=N/A speed=3.68x elapsed=0:00:05.21    
stderr: frame=  597 fps=104 q=34.0 q=29.0 q=26.0 size=N/A time=00:00:19.83 bitrate=N/A speed=3.46x elapsed=0:00:05.73    
stderr: frame=  620 fps= 99 q=34.0 q=29.0 q=26.0 size=N/A time=00:00:20.60 bitrate=N/A speed=3.29x elapsed=0:00:06.25    
stderr: frame=  641 fps= 95 q=34.0 q=29.0 q=26.0 size=N/A time=00:00:21.30 bitrate=N/A speed=3.14x elapsed=0:00:06.77    
stderr: frame=  662 fps= 91 q=34.0 q=29.0 q=26.0 size=N/A time=00:00:22.00 bitrate=N/A speed=3.02x elapsed=0:00:07.29    
stderr: frame=  685 fps= 88 q=34.0 q=29.0 q=26.0 size=N/A time=00:00:22.76 bitrate=N/A speed=2.91x elapsed=0:00:07.81    
stderr: frame=  705 fps= 85 q=34.0 q=29.0 q=26.0 size=N/A time=00:00:23.43 bitrate=N/A speed=2.81x elapsed=0:00:08.33    
stderr: frame=  727 fps= 82 q=34.0 q=29.0 q=26.0 size=N/A time=00:00:24.16 bitrate=N/A speed=2.73x elapsed=0:00:08.85    
stderr: frame=  747 fps= 80 q=34.0 q=29.0 q=26.0 size=N/A time=00:00:24.83 bitrate=N/A speed=2.64x elapsed=0:00:09.39    
stderr: [hls @ 000001bcc9d95600] Opening 'D:\youtube\youtube-like-transcoder-main\uploads\565848111efa4db706ab23eaba7717ee_hls\360p_002.ts' for writing

stderr: [hls @ 000001bccbca00c0]
stderr:  
stderr: Opening 'D:\youtube\youtube-like-transcoder-main\uploads\565848111efa4db706ab23eaba7717ee_hls\720p_002.ts' for writing

stderr: [hls @ 000001bcc9da01c0] Opening 'D:\youtube\youtube-like-transcoder-main\uploads\565848111efa4db706ab23eaba7717ee_hls\1080p_002.ts' for writing

stderr: frame=  768 fps= 77 q=34.0 q=29.0 q=26.0 size=N/A time=00:00:25.53 bitrate=N/A speed=2.58x elapsed=0:00:09.91    
stderr: frame=  788 fps= 76 q=34.0 q=29.0 q=26.0 size=N/A time=00:00:26.20 bitrate=N/A speed=2.51x elapsed=0:00:10.42    
stderr: frame=  810 fps= 74 q=34.0 q=29.0 q=26.0 size=N/A time=00:00:26.93 bitrate=N/A speed=2.46x elapsed=0:00:10.94    
stderr: frame=  827 fps= 72 q=34.0 q=29.0 q=26.0 size=N/A time=00:00:27.50 bitrate=N/A speed= 2.4x elapsed=0:00:11.46    
stderr: frame=  847 fps= 71 q=34.0 q=29.0 q=26.0 size=N/A time=00:00:28.16 bitrate=N/A speed=2.35x elapsed=0:00:11.99    
stderr: frame=  867 fps= 69 q=34.0 q=29.0 q=26.0 size=N/A time=00:00:28.83 bitrate=N/A speed= 2.3x elapsed=0:00:12.51    
stderr: frame=  890 fps= 68 q=34.0 q=29.0 q=26.0 size=N/A time=00:00:29.60 bitrate=N/A speed=2.27x elapsed=0:00:13.03    
stderr: frame=  908 fps= 67 q=34.0 q=29.0 q=26.0 size=N/A time=00:00:30.20 bitrate=N/A speed=2.23x elapsed=0:00:13.54    
stderr: frame=  930 fps= 66 q=34.0 q=29.0 q=26.0 size=N/A time=00:00:30.93 bitrate=N/A speed= 2.2x elapsed=0:00:14.07    
stderr: frame=  953 fps= 65 q=34.0 q=29.0 q=26.0 size=N/A time=00:00:31.70 bitrate=N/A speed=2.17x elapsed=0:00:14.59    
stderr: frame=  973 fps= 64 q=34.0 q=29.0 q=26.0 size=N/A time=00:00:32.36 bitrate=N/A speed=2.14x elapsed=0:00:15.12    
stderr: frame=  993 fps= 63 q=34.0 q=29.0 q=26.0 size=N/A time=00:00:33.03 bitrate=N/A speed=2.11x elapsed=0:00:15.64    
stderr: [hls @ 000001bcc9d95600] Opening 'D:\youtube\youtube-like-transcoder-main\uploads\565848111efa4db706ab23eaba7717ee_hls\360p_003.ts' for writing

stderr: frame= 1011 fps= 62 q=34.0 q=29.0 q=26.0 size=N/A time=00:00:33.63 bitrate=N/A speed=2.08x elapsed=0:00:16.17    
stderr: [hls @ 000001bccbca00c0] Opening 'D:\youtube\youtube-like-transcoder-main\uploads\565848111efa4db706ab23eaba7717ee_hls\720p_003.ts' for writing

stderr: [hls @ 000001bcc9da01c0] Opening 'D:\youtube\youtube-like-transcoder-main\uploads\565848111efa4db706ab23eaba7717ee_hls\1080p_003.ts' for writing

stderr: frame= 1030 fps= 62 q=34.0 q=29.0 q=26.0 size=N/A time=00:00:34.26 bitrate=N/A speed=2.05x elapsed=0:00:16.70    
stderr: frame= 1044 fps= 61 q=34.0 q=29.0 q=26.0 size=N/A time=00:00:34.73 bitrate=N/A speed=2.02x elapsed=0:00:17.23    
stderr: frame= 1059 fps= 60 q=34.0 q=29.0 q=26.0 size=N/A time=00:00:35.23 bitrate=N/A speed=1.99x elapsed=0:00:17.74    
stderr: frame= 1077 fps= 59 q=34.0 q=29.0 q=26.0 size=N/A time=00:00:35.83 bitrate=N/A speed=1.96x elapsed=0:00:18.27    
stderr: frame= 1090 fps= 58 q=34.0 q=29.0 q=26.0 size=N/A time=00:00:36.26 bitrate=N/A speed=1.93x elapsed=0:00:18.80    
stderr: frame= 1104 fps= 57 q=34.0 q=29.0 q=26.0 size=N/A time=00:00:36.73 bitrate=N/A speed= 1.9x elapsed=0:00:19.32    
stderr: frame= 1117 fps= 56 q=34.0 q=29.0 q=26.0 size=N/A time=00:00:37.16 bitrate=N/A speed=1.87x elapsed=0:00:19.85    
stderr: frame= 1129 fps= 55 q=34.0 q=29.0 q=26.0 size=N/A time=00:00:37.56 bitrate=N/A speed=1.84x elapsed=0:00:20.39    
stderr: frame= 1143 fps= 55 q=34.0 q=29.0 q=26.0 size=N/A time=00:00:38.03 bitrate=N/A speed=1.82x elapsed=0:00:20.92    
stderr: frame= 1157 fps= 54 q=34.0 q=29.0 q=26.0 size=N/A time=00:00:38.50 bitrate=N/A speed= 1.8x elapsed=0:00:21.44    
stderr: frame= 1175 fps= 53 q=34.0 q=29.0 q=26.0 size=N/A time=00:00:39.10 bitrate=N/A speed=1.78x elapsed=0:00:21.96    
stderr: frame= 1194 fps= 53 q=34.0 q=29.0 q=26.0 size=N/A time=00:00:39.73 bitrate=N/A speed=1.77x elapsed=0:00:22.49    
stderr: frame= 1205 fps= 52 q=34.0 q=29.0 q=26.0 size=N/A time=00:00:40.10 bitrate=N/A speed=1.74x elapsed=0:00:23.01    
stderr: frame= 1221 fps= 52 q=34.0 q=29.0 q=26.0 size=N/A time=00:00:40.63 bitrate=N/A speed=1.73x elapsed=0:00:23.53    
stderr: frame= 1236 fps= 51 q=34.0 q=29.0 q=26.0 size=N/A time=00:00:41.13 bitrate=N/A speed=1.71x elapsed=0:00:24.06    
stderr: [hls @ 000001bcc9d95600] Opening 'D:\youtube\youtube-like-transcoder-main\uploads\565848111efa4db706ab23eaba7717ee_hls\360p_004.ts' for writing

stderr: frame= 1253 fps= 51 q=34.0 q=29.0 q=26.0 size=N/A time=00:00:41.70 bitrate=N/A speed= 1.7x elapsed=0:00:24.57    
stderr: [hls @ 000001bccbca00c0] Opening 'D:\youtube\youtube-like-transcoder-main\uploads\565848111efa4db706ab23eaba7717ee_hls\720p_004.ts' for writing

stderr: [hls @ 000001bcc9da01c0]
stderr:  Opening 'D:\youtube\youtube-like-transcoder-main\uploads\565848111efa4db706ab23eaba7717ee_hls\1080p_004.ts' for writing

stderr: frame= 1325 fps= 53 q=34.0 q=29.0 q=26.0 size=N/A time=00:00:44.10 bitrate=N/A speed=1.76x elapsed=0:00:25.10    
stderr: frame= 1419 fps= 55 q=34.0 q=29.0 q=26.0 size=N/A time=00:00:47.23 bitrate=N/A speed=1.84x elapsed=0:00:25.61    
stderr: [hls @ 000001bcc9d95600] Opening 'D:\youtube\youtube-like-transcoder-main\uploads\565848111efa4db706ab23eaba7717ee_hls\360p_005.ts' for writing

stderr: [hls @ 000001bccbca00c0] Opening 'D:\youtube\youtube-like-transcoder-main\uploads\565848111efa4db706ab23eaba7717ee_hls\720p_005.ts' for writing

stderr: [hls @ 000001bcc9da01c0] Opening 'D:\youtube\youtube-like-transcoder-main\uploads\565848111efa4db706ab23eaba7717ee_hls\1080p_005.ts' for writing

stderr: frame= 1518 fps= 58 q=34.0 q=29.0 q=26.0 size=N/A time=00:00:50.53 bitrate=N/A speed=1.93x elapsed=0:00:26.13    
stderr: frame= 1632 fps= 61 q=34.0 q=29.0 q=26.0 size=N/A time=00:00:54.33 bitrate=N/A speed=2.04x elapsed=0:00:26.65    
stderr: frame= 1748 fps= 64 q=34.0 q=29.0 q=26.0 size=N/A time=00:00:58.20 bitrate=N/A speed=2.14x elapsed=0:00:27.16    
stderr: [hls @ 000001bcc9d95600] Opening 'D:\youtube\youtube-like-transcoder-main\uploads\565848111efa4db706ab23eaba7717ee_hls\360p_006.ts' for writing

stderr: [hls @ 000001bccbca00c0] Opening 'D:\youtube\youtube-like-transcoder-main\uploads\565848111efa4db706ab23eaba7717ee_hls\720p_006.ts' for writing

stderr: [hls @ 000001bcc9da01c0] Opening 'D:\youtube\youtube-like-transcoder-main\uploads\565848111efa4db706ab23eaba7717ee_hls\1080p_006.ts' for writing

stderr: frame= 1866 fps= 67 q=34.0 q=29.0 q=26.0 size=N/A time=00:01:02.13 bitrate=N/A speed=2.24x elapsed=0:00:27.68    
stderr: frame= 1982 fps= 70 q=34.0 q=29.0 q=26.0 size=N/A time=00:01:06.00 bitrate=N/A speed=2.34x elapsed=0:00:28.19    
stderr: [hls @ 000001bcc9d95600] Opening 'D:\youtube\youtube-like-transcoder-main\uploads\565848111efa4db706ab23eaba7717ee_hls\360p_007.ts' for writing

stderr: [hls @ 000001bccbca00c0] Opening 'D:\youtube\youtube-like-transcoder-main\uploads\565848111efa4db706ab23eaba7717ee_hls\720p_007.ts' for writing

stderr: [hls @ 000001bcc9da01c0] Opening 'D:\youtube\youtube-like-transcoder-main\uploads\565848111efa4db706ab23eaba7717ee_hls\1080p_007.ts' for writing

stderr: frame= 2098 fps= 73 q=34.0 q=29.0 q=26.0 size=N/A time=00:01:09.86 bitrate=N/A speed=2.43x elapsed=0:00:28.70    
stderr: frame= 2216 fps= 76 q=34.0 q=29.0 q=26.0 size=N/A time=00:01:13.80 bitrate=N/A speed=2.53x elapsed=0:00:29.22    
stderr: [hls @ 000001bcc9d95600] Opening 'D:\youtube\youtube-like-transcoder-main\uploads\565848111efa4db706ab23eaba7717ee_hls\360p_008.ts' for writing

stderr: [hls @ 000001bccbca00c0] Opening 'D:\youtube\youtube-like-transcoder-main\uploads\565848111efa4db706ab23eaba7717ee_hls\720p_008.ts' for writing

stderr: [hls @ 000001bcc9da01c0]
stderr:  Opening 'D:\youtube\youtube-like-transcoder-main\uploads\565848111efa4db706ab23eaba7717ee_hls\1080p_008.ts' for writing

stderr: frame= 2328 fps= 78 q=34.0 q=29.0 q=26.0 size=N/A time=00:01:17.53 bitrate=N/A speed=2.61x elapsed=0:00:29.74    
stderr: frame= 2435 fps= 80 q=34.0 q=29.0 q=26.0 size=N/A time=00:01:21.10 bitrate=N/A speed=2.68x elapsed=0:00:30.25    
stderr: [hls @ 000001bcc9d95600] Opening 'D:\youtube\youtube-like-transcoder-main\uploads\565848111efa4db706ab23eaba7717ee_hls\360p_009.ts' for writing

stderr: [hls @ 000001bccbca00c0] Opening 'D:\youtube\youtube-like-transcoder-main\uploads\565848111efa4db706ab23eaba7717ee_hls\720p_009.ts' for writing

stderr: [hls @ 000001bcc9da01c0] Opening 'D:\youtube\youtube-like-transcoder-main\uploads\565848111efa4db706ab23eaba7717ee_hls\1080p_009.ts' for writing

stderr: frame= 2548 fps= 83 q=34.0 q=29.0 q=26.0 size=N/A time=00:01:24.86 bitrate=N/A speed=2.76x elapsed=0:00:30.76    
stderr: frame= 2657 fps= 85 q=34.0 q=29.0 q=26.0 size=N/A time=00:01:28.50 bitrate=N/A speed=2.83x elapsed=0:00:31.28    
stderr: [hls @ 000001bcc9d95600] Opening 'D:\youtube\youtube-like-transcoder-main\uploads\565848111efa4db706ab23eaba7717ee_hls\360p_010.ts' for writing

stderr: frame= 2755 fps= 87 q=34.0 q=29.0 q=26.0 size=N/A time=00:01:31.76 bitrate=N/A speed=2.89x elapsed=0:00:31.80    
stderr: [hls @ 000001bccbca00c0] Opening 'D:\youtube\youtube-like-transcoder-main\uploads\565848111efa4db706ab23eaba7717ee_hls\720p_010.ts' for writing

stderr: [hls @ 000001bcc9da01c0] Opening 'D:\youtube\youtube-like-transcoder-main\uploads\565848111efa4db706ab23eaba7717ee_hls\1080p_010.ts' for writing

stderr: frame= 2866 fps= 89 q=34.0 q=29.0 q=26.0 size=N/A time=00:01:35.46 bitrate=N/A speed=2.95x elapsed=0:00:32.32    
stderr: frame= 2970 fps= 90 q=34.0 q=29.0 q=26.0 size=N/A time=00:01:38.93 bitrate=N/A speed=3.01x elapsed=0:00:32.83    
stderr: [hls @ 000001bcc9d95600] Opening 'D:\youtube\youtube-like-transcoder-main\uploads\565848111efa4db706ab23eaba7717ee_hls\360p_011.ts' for writing

stderr: [hls @ 000001bccbca00c0] Opening 'D:\youtube\youtube-like-transcoder-main\uploads\565848111efa4db706ab23eaba7717ee_hls\720p_011.ts' for writing

stderr: [hls @ 000001bcc9da01c0] Opening 'D:\youtube\youtube-like-transcoder-main\uploads\565848111efa4db706ab23eaba7717ee_hls\1080p_011.ts' for writing

stderr: frame= 3077 fps= 92 q=34.0 q=29.0 q=26.0 size=N/A time=00:01:42.50 bitrate=N/A speed=3.07x elapsed=0:00:33.35    
stderr: frame= 3196 fps= 94 q=34.0 q=29.0 q=26.0 size=N/A time=00:01:46.46 bitrate=N/A speed=3.14x elapsed=0:00:33.86    
stderr: [hls @ 000001bcc9d95600] Opening 'D:\youtube\youtube-like-transcoder-main\uploads\565848111efa4db706ab23eaba7717ee_hls\360p_012.ts' for writing

stderr: [hls @ 000001bccbca00c0] Opening 'D:\youtube\youtube-like-transcoder-main\uploads\565848111efa4db706ab23eaba7717ee_hls\720p_012.ts' for writing

stderr: [hls @ 000001bcc9da01c0] Opening 'D:\youtube\youtube-like-transcoder-main\uploads\565848111efa4db706ab23eaba7717ee_hls\1080p_012.ts' for writing

stderr: frame= 3309 fps= 96 q=34.0 q=29.0 q=26.0 size=N/A time=00:01:50.23 bitrate=N/A speed=3.21x elapsed=0:00:34.38    
stderr: frame= 3427 fps= 98 q=34.0 q=29.0 q=26.0 size=N/A time=00:01:54.16 bitrate=N/A speed=3.27x elapsed=0:00:34.89    
stderr: [hls @ 000001bcc9d95600] Opening 'D:\youtube\youtube-like-transcoder-main\uploads\565848111efa4db706ab23eaba7717ee_hls\360p_013.ts' for writing

stderr: [hls @ 000001bccbca00c0] Opening 'D:\youtube\youtube-like-transcoder-main\uploads\565848111efa4db706ab23eaba7717ee_hls\720p_013.ts' for writing

stderr: [hls @ 000001bcc9da01c0] Opening 'D:\youtube\youtube-like-transcoder-main\uploads\565848111efa4db706ab23eaba7717ee_hls\1080p_013.ts' for writing

stderr: frame= 3500 fps= 99 q=34.0 q=29.0 q=26.0 size=N/A time=00:01:56.60 bitrate=N/A speed=3.29x elapsed=0:00:35.41    
stderr: frame= 3575 fps=100 q=34.0 q=29.0 q=26.0 size=N/A time=00:01:59.10 bitrate=N/A speed=3.32x elapsed=0:00:35.92    
stderr: [hls @ 000001bcc9d95600] Opening 'D:\youtube\youtube-like-transcoder-main\uploads\565848111efa4db706ab23eaba7717ee_hls\360p_014.ts' for writing

stderr: frame= 3663 fps=101 q=34.0 q=29.0 q=26.0 size=N/A time=00:02:02.03 bitrate=N/A speed=3.35x elapsed=0:00:36.44    
stderr: [hls @ 000001bcc9d95600] Opening 'D:\youtube\youtube-like-transcoder-main\uploads\565848111efa4db706ab23eaba7717ee_hls\360p_015.ts' for writing

stderr: [hls @ 000001bccbca00c0] Opening 'D:\youtube\youtube-like-transcoder-main\uploads\565848111efa4db706ab23eaba7717ee_hls\720p_014.ts' for writing

stderr: [hls @ 000001bcc9da01c0] Opening 'D:\youtube\youtube-like-transcoder-main\uploads\565848111efa4db706ab23eaba7717ee_hls\1080p_014.ts' for writing

stderr: frame= 3737 fps=101 q=34.0 q=29.0 q=26.0 size=N/A time=00:02:04.50 bitrate=N/A speed=3.37x elapsed=0:00:36.95    
stderr: [hls @ 000001bcc9d95600] Opening 'D:\youtube\youtube-like-transcoder-main\uploads\565848111efa4db706ab23eaba7717ee_hls\360p_016.ts' for writing

stderr: frame= 3807 fps=102 q=34.0 q=29.0 q=26.0 size=N/A time=00:02:06.83 bitrate=N/A speed=3.39x elapsed=0:00:37.46    
stderr: frame= 3925 fps=103 q=34.0 q=29.0 q=26.0 size=N/A time=00:02:10.76 bitrate=N/A speed=3.44x elapsed=0:00:37.98    
stderr: [hls @ 000001bccbca00c0] Opening 'D:\youtube\youtube-like-transcoder-main\uploads\565848111efa4db706ab23eaba7717ee_hls\720p_015.ts' for writing

stderr: [hls @ 000001bcc9da01c0] Opening 'D:\youtube\youtube-like-transcoder-main\uploads\565848111efa4db706ab23eaba7717ee_hls\1080p_015.ts' for writing

stderr: [hls @ 000001bcc9d95600] Opening 'D:\youtube\youtube-like-transcoder-main\uploads\565848111efa4db706ab23eaba7717ee_hls\360p_017.ts' for writing

stderr: frame= 4037 fps=105 q=34.0 q=29.0 q=26.0 size=N/A time=00:02:14.50 bitrate=N/A speed=3.49x elapsed=0:00:38.50    
stderr: frame= 4152 fps=106 q=34.0 q=29.0 q=26.0 size=N/A time=00:02:18.33 bitrate=N/A speed=3.55x elapsed=0:00:39.02    
stderr: [hls @ 000001bccbca00c0] Opening 'D:\youtube\youtube-like-transcoder-main\uploads\565848111efa4db706ab23eaba7717ee_hls\720p_016.ts' for writing

stderr: [hls @ 000001bcc9da01c0] Opening 'D:\youtube\youtube-like-transcoder-main\uploads\565848111efa4db706ab23eaba7717ee_hls\1080p_016.ts' for writing

stderr: frame= 4262 fps=108 q=34.0 q=29.0 q=26.0 size=N/A time=00:02:22.00 bitrate=N/A speed=3.59x elapsed=0:00:39.54    
stderr: [hls @ 000001bcc9d95600] Opening 'D:\youtube\youtube-like-transcoder-main\uploads\565848111efa4db706ab23eaba7717ee_hls\360p_018.ts' for writing

stderr: frame= 4374 fps=109 q=34.0 q=29.0 q=26.0 size=N/A time=00:02:25.73 bitrate=N/A speed=3.64x elapsed=0:00:40.05    
stderr: [hls @ 000001bccbca00c0] Opening 'D:\youtube\youtube-like-transcoder-main\uploads\565848111efa4db706ab23eaba7717ee_hls\720p_017.ts' for writing

stderr: [hls @ 000001bcc9da01c0] Opening 'D:\youtube\youtube-like-transcoder-main\uploads\565848111efa4db706ab23eaba7717ee_hls\1080p_017.ts' for writing

stderr: frame= 4491 fps=111 q=34.0 q=29.0 q=26.0 size=N/A time=00:02:29.63 bitrate=N/A speed=3.69x elapsed=0:00:40.56    
stderr: [hls @ 000001bcc9d95600] Opening 'D:\youtube\youtube-like-transcoder-main\uploads\565848111efa4db706ab23eaba7717ee_hls\360p_019.ts' for writing

stderr: frame= 4607 fps=112 q=34.0 q=29.0 q=26.0 size=N/A time=00:02:33.50 bitrate=N/A speed=3.74x elapsed=0:00:41.08    
stderr: [hls @ 000001bccbca00c0] Opening 'D:\youtube\youtube-like-transcoder-main\uploads\565848111efa4db706ab23eaba7717ee_hls\720p_018.ts' for writing

stderr: frame= 4725 fps=114 q=34.0 q=29.0 q=26.0 size=N/A time=00:02:37.43 bitrate=N/A speed=3.78x elapsed=0:00:41.59    
stderr: [hls @ 000001bcc9da01c0] Opening 'D:\youtube\youtube-like-transcoder-main\uploads\565848111efa4db706ab23eaba7717ee_hls\1080p_018.ts' for writing

stderr: [hls @ 000001bcc9d95600] Opening 'D:\youtube\youtube-like-transcoder-main\uploads\565848111efa4db706ab23eaba7717ee_hls\360p_020.ts' for writing

stderr: frame= 4840 fps=115 q=34.0 q=29.0 q=26.0 size=N/A time=00:02:41.26 bitrate=N/A speed=3.83x elapsed=0:00:42.11    
stderr: frame= 4952 fps=116 q=34.0 q=29.0 q=23.0 size=N/A time=00:02:45.00 bitrate=N/A speed=3.87x elapsed=0:00:42.63    
stderr: [hls @ 000001bccbca00c0] Opening 'D:\youtube\youtube-like-transcoder-main\uploads\565848111efa4db706ab23eaba7717ee_hls\720p_019.ts' for writing

stderr: [hls @ 000001bcc9da01c0] Opening 'D:\youtube\youtube-like-transcoder-main\uploads\565848111efa4db706ab23eaba7717ee_hls\1080p_019.ts' for writing

stderr: [hls @ 000001bcc9d95600] Opening 'D:\youtube\youtube-like-transcoder-main\uploads\565848111efa4db706ab23eaba7717ee_hls\360p_021.ts' for writing

stderr: frame= 5069 fps=117 q=34.0 q=29.0 q=26.0 size=N/A time=00:02:48.90 bitrate=N/A speed=3.91x elapsed=0:00:43.14    
stderr: frame= 5185 fps=119 q=34.0 q=29.0 q=26.0 size=N/A time=00:02:52.76 bitrate=N/A speed=3.96x elapsed=0:00:43.66    
stderr: [hls @ 000001bccbca00c0] Opening 'D:\youtube\youtube-like-transcoder-main\uploads\565848111efa4db706ab23eaba7717ee_hls\720p_020.ts' for writing

stderr: [hls @ 000001bcc9da01c0] Opening 'D:\youtube\youtube-like-transcoder-main\uploads\565848111efa4db706ab23eaba7717ee_hls\1080p_020.ts' for writing

stderr: [hls @ 000001bcc9d95600] Opening 'D:\youtube\youtube-like-transcoder-main\uploads\565848111efa4db706ab23eaba7717ee_hls\360p_022.ts' for writing

stderr: frame= 5302 fps=120 q=34.0 q=29.0 q=26.0 size=N/A time=00:02:56.66 bitrate=N/A speed=   4x elapsed=0:00:44.18    
stderr: frame= 5418 fps=121 q=34.0 q=29.0 q=26.0 size=N/A time=00:03:00.53 bitrate=N/A speed=4.04x elapsed=0:00:44.69    
stderr: [hls @ 000001bccbca00c0] Opening 'D:\youtube\youtube-like-transcoder-main\uploads\565848111efa4db706ab23eaba7717ee_hls\720p_021.ts' for writing

stderr: [hls @ 000001bcc9da01c0] Opening 'D:\youtube\youtube-like-transcoder-main\uploads\565848111efa4db706ab23eaba7717ee_hls\1080p_021.ts' for writing

stderr: [hls @ 000001bcc9d95600] Opening 'D:\youtube\youtube-like-transcoder-main\uploads\565848111efa4db706ab23eaba7717ee_hls\360p_023.ts' for writing

stderr: frame= 5533 fps=122 q=34.0 q=29.0 q=26.0 size=N/A time=00:03:04.36 bitrate=N/A speed=4.08x elapsed=0:00:45.21    
stderr: frame= 5646 fps=123 q=34.0 q=29.0 q=26.0 size=N/A time=00:03:08.13 bitrate=N/A speed=4.11x elapsed=0:00:45.73    
stderr: [hls @ 000001bccbca00c0] Opening 'D:\youtube\youtube-like-transcoder-main\uploads\565848111efa4db706ab23eaba7717ee_hls\720p_022.ts' for writing

stderr: [hls @ 000001bcc9da01c0] Opening 'D:\youtube\youtube-like-transcoder-main\uploads\565848111efa4db706ab23eaba7717ee_hls\1080p_022.ts' for writing

stderr: frame= 5757 fps=124 q=34.0 q=29.0 q=26.0 size=N/A time=00:03:11.83 bitrate=N/A speed=4.15x elapsed=0:00:46.26    
stderr: [hls @ 000001bcc9d95600] Opening 'D:\youtube\youtube-like-transcoder-main\uploads\565848111efa4db706ab23eaba7717ee_hls\360p_024.ts' for writing

stderr: [hls @ 000001bcc9d95600] Opening 'D:\youtube\youtube-like-transcoder-main\uploads\565848111efa4db706ab23eaba7717ee_hls\360p_025.ts' for writing

stderr: [out#0/hls @ 000001bcc9d25b40] video:817KiB audio:0KiB subtitle:0KiB other streams:0KiB global headers:0KiB muxing overhead: unknown
[hls @ 000001bccbca00c0] Opening 'D:\youtube\youtube-like-transcoder-main\uploads\565848111efa4db706ab23eaba7717ee_hls\720p_023.ts' for writing

stderr: [out#1/hls @ 000001bcc9d25940] video:3171KiB audio:0KiB subtitle:0KiB other streams:0KiB global headers:0KiB muxing overhead: unknown
[hls @ 000001bcc9da01c0] Opening 'D:\youtube\youtube-like-transcoder-main\uploads\565848111efa4db706ab23eaba7717ee_hls\1080p_023.ts' for writing

stderr: [out#2/hls @ 000001bcc9d274c0] video:7612KiB audio:0KiB subtitle:0KiB other streams:0KiB global headers:0KiB muxing overhead: unknown
frame= 5827 fps=125 q=-1.0 Lq=-1.0 q=-1.0 size=N/A time=00:03:14.16 bitrate=N/A speed=4.18x elapsed=0:00:46.50    

stderr: [libx264 @ 000001bcc9d94f80] frame I:26    Avg QP:20.48  size:  8888
[libx264 @ 000001bcc9d94f80] frame P:1679  Avg QP:27.76  size:   254
[libx264 @ 000001bcc9d94f80] frame B:4122  Avg QP:33.88  size:    43
[libx264 @ 000001bcc9d94f80] consecutive B-frames:  3.7%  4.1%  5.3% 86.9%

stderr: [libx264 @ 000001bcc9d94f80] mb I  I16..4: 29.5% 45.3% 25.1%
[libx264 @ 000001bcc9d94f80] mb P  I16..4:  0.9%  1.3%  0.4%  P16..4:  1.3%  0.3%  0.1%  0.0%  0.0%    skip:95.6%
[libx264 @ 000001bcc9d94f80] mb B  I16..4:  0.2%  0.0%  0.0%  B16..8:  0.9%  0.1%  0.0%  direct: 0.1%  skip:98.7%  L0:49.1% L1:49.5% BI: 1.5%
[libx264 @ 000001bcc9d94f80] 8x8 transform intra:42.9% inter:38.3%
[libx264 @ 000001bcc9d94f80] coded y,uvDC,uvAC intra: 14.9% 12.0% 7.1% inter: 0.1% 0.1% 0.0%
[libx264 @ 000001bcc9d94f80] i16 v,h,dc,p: 53% 45%  1%  1%
[libx264 @ 000001bcc9d94f80] i8 v,h,dc,ddl,ddr,vr,hd,vl,hu: 40% 23% 35%  0%  0%  0%  0%  0%  1%
[libx264 @ 000001bcc9d94f80] i4 v,h,dc,ddl,ddr,vr,hd,vl,hu: 24% 45% 16%  1%  2%  2%  3%  2%  3%
[libx264 @ 000001bcc9d94f80] i8c dc,h,v,p: 81% 15%  4%  1%
[libx264 @ 000001bcc9d94f80] Weighted P-Frames: Y:0.4% UV:0.2%
[libx264 @ 000001bcc9d94f80] ref P L0: 75.3% 24.7%
[libx264 @ 000001bcc9d94f80] ref B L0: 81.7% 18.3%
[libx264 @ 000001bcc9d94f80] ref B L1: 93.4%  6.6%
[libx264 @ 000001bcc9d94f80] kb/s:34.43

stderr: [libx264 @ 000001bcc9d9fe00] frame I:24    Avg QP:15.00  size: 32259
[libx264 @ 000001bcc9d9fe00] frame P:1657  Avg QP:22.82  size:  1127
[libx264 @ 000001bcc9d9fe00] frame B:4146  Avg QP:29.49  size:   146
[libx264 @ 000001bcc9d9fe00] consecutive B-frames:  3.6%  3.5%  3.5% 89.4%
[libx264 @ 000001bcc9d9fe00] mb I  I16..4: 30.9% 52.3% 16.9%

stderr: [libx264 @ 000001bcc9d9fe00] mb P  I16..4:  1.1%  1.5%  0.5%  P16..4:  1.2%  0.2%  0.1%  0.0%  0.0%    skip:95.5%
[libx264 @ 000001bcc9d9fe00] mb B  I16..4:  0.1%  0.0%  0.0%  B16..8:  0.6%  0.1%  0.0%  direct: 0.1%  skip:99.0%  L0:49.6% L1:47.8% BI: 2.6%
[libx264 @ 000001bcc9d9fe00] 8x8 transform intra:46.6% inter:46.0%
[libx264 @ 000001bcc9d9fe00] coded y,uvDC,uvAC intra: 13.5% 12.8% 8.2% inter: 0.1% 0.2% 0.0%
[libx264 @ 000001bcc9d9fe00] i16 v,h,dc,p: 43% 54%  1%  2%
[libx264 @ 000001bcc9d9fe00] i8 v,h,dc,ddl,ddr,vr,hd,vl,hu: 49% 19% 30%  0%  0%  0%  0%  0%  0%
[libx264 @ 000001bcc9d9fe00] i4 v,h,dc,ddl,ddr,vr,hd,vl,hu: 28% 36% 18%  2%  3%  3%  4%  2%  4%
[libx264 @ 000001bcc9d9fe00] i8c dc,h,v,p: 81% 14%  4%  1%
[libx264 @ 000001bcc9d9fe00] Weighted P-Frames: Y:0.4% UV:0.3%
[libx264 @ 000001bcc9d9fe00] ref P L0: 70.3% 29.7%
[libx264 @ 000001bcc9d9fe00] ref B L0: 82.9% 17.1%
[libx264 @ 000001bcc9d9fe00] ref B L1: 94.6%  5.4%
[libx264 @ 000001bcc9d9fe00] kb/s:133.72

stderr: [libx264 @ 000001bccc0b00c0] frame I:24    Avg QP: 9.66  size: 73378
[libx264 @ 000001bccc0b00c0] frame P:1691  Avg QP:17.96  size:  2840
[libx264 @ 000001bccc0b00c0] frame B:4112  Avg QP:25.70  size:   299
[libx264 @ 000001bccc0b00c0] consecutive B-frames:  4.2%  3.9%  4.0% 87.9%
[libx264 @ 000001bccc0b00c0] mb I  I16..4: 59.8% 27.2% 13.0%

stderr: [libx264 @ 000001bccc0b00c0] mb P  I16..4:  1.2%  1.4%  0.5%  P16..4:  1.3%  0.1%  0.1%  0.0%  0.0%    skip:95.4%
[libx264 @ 000001bccc0b00c0] mb B  I16..4:  0.1%  0.0%  0.0%  B16..8:  0.4%  0.0%  0.0%  direct: 0.1%  skip:99.2%  L0:48.7% L1:49.4% BI: 1.9%
[libx264 @ 000001bccc0b00c0] 8x8 transform intra:37.3% inter:47.7%
[libx264 @ 000001bccc0b00c0] coded y,uvDC,uvAC intra: 14.4% 15.8% 10.2% inter: 0.1% 0.3% 0.1%
[libx264 @ 000001bccc0b00c0] i16 v,h,dc,p: 59% 37%  2%  2%
[libx264 @ 000001bccc0b00c0] i8 v,h,dc,ddl,ddr,vr,hd,vl,hu: 55% 13% 31%  0%  0%  0%  0%  0%  0%
[libx264 @ 000001bccc0b00c0] i4 v,h,dc,ddl,ddr,vr,hd,vl,hu: 34% 30% 17%  2%  3%  3%  3%  2%  4%
[libx264 @ 000001bccc0b00c0] i8c dc,h,v,p: 79% 13%  6%  1%
[libx264 @ 000001bccc0b00c0] Weighted P-Frames: Y:0.4% UV:0.3%
[libx264 @ 000001bccc0b00c0] ref P L0: 70.8% 29.2%
[libx264 @ 000001bccc0b00c0] ref B L0: 84.1% 15.9%
[libx264 @ 000001bccc0b00c0] ref B L1: 96.9%  3.1%
[libx264 @ 000001bccc0b00c0] kb/s:321.03

HLS output ready at D:\youtube\youtube-like-transcoder-main\uploads\565848111efa4db706ab23eaba7717ee_hls/master.m3u8
stderr: ffmpeg version N-126455-gecc7eb519e-20260907 Copyright (c) 2000-2026 the FFmpeg developers
  built with gcc 15.2.0 (crosstool-NG 1.28.0.23_185f348)
  configuration: --prefix=/ffbuild/prefix --pkg-config-flags=--static --pkg-config=pkg-config --cross-prefix=x86_64-w64-mingw32- --arch=x86_64 --target-os=mingw32 --enable-gpl --enable-version3 --disable-debug --disable-w32threads --enable-pthreads --enable-iconv --enable-zlib --enable-libxml2 --enable-libvmaf --enable-fontconfig --enable-libharfbuzz --enable-libfreetype --enable-libfribidi --enable-vulkan --enable-libvorbis --disable-libxcb --disable-xlib --disable-libpulse --enable-gmp --enable-lzma --enable-liblcevc-dec --enable-opencl --enable-amf --enable-libaom --enable-libaribb24 --enable-avisynth --enable-chromaprint --enable-libdav1d --enable-libdavs2 --enable-libdvdread --enable-libdvdnav --disable-libfdk-aac --enable-ffnvcodec --enable-cuda-llvm --enable-frei0r --enable-libgme --enable-libkvazaar --enable-libaribcaption --enable-libass --enable-libbluray --enable-libjxl --enable-libmp3lame --enable-libopus --enable-libplacebo --enable-librist --enable-libssh --enable-libtheora --enable-libvpx --enable-libwebp --enable-libzmq --enable-lv2 --enable-libvpl --enable-openal --enable-liboapv --enable-libopencore-amrnb --enable-libopencore-amrwb --enable-libopenh264 --enable-libopenjpeg --enable-libopenmpt --enable-librav1e --enable-librubberband --enable-schannel --enable-sdl2 --enable-libsnappy --enable-libsoxr --enable-libsrt --enable-libsvtav1 --enable-libtwolame --enable-libuavs3d --disable-libdrm --enable-vaapi --enable-libvidstab --enable-libvvenc --disable-whisper --enable-libx264 --enable-libx265 --enable-libxavs2 --enable-libxvid --enable-libzimg --enable-libzvbi --extra-cflags=-DLIBTWOLAME_STATIC --extra-cxxflags= --extra-libs=-lgomp --extra-ldflags=-pthread --extra-ldexeflags= --cc=x86_64-w64-mingw32-gcc --cxx=x86_64-w64-mingw32-g++ --ar=x86_64-w64-mingw32-gcc-ar --ranlib=x86_64-w64-mingw32-gcc-ranlib --nm=x86_64-w64-mingw32-gcc-nm --extra-version=20260907
  libavutil      61.  7.100 / 61.  7.100
  libavcodec     63. 11.100 / 63. 11.100
  libavformat    63.  6.100 / 63.  6.100
  libavdevice    63.  2.100 / 63.  2.100
  libavfilter    12.  4.100 / 12.  4.100
  libswscale     10.  2.100 / 10.  2.100
  libswresample   7.  3.100 /  7.  3.100

stderr: Input #0, mov,mp4,m4a,3gp,3g2,mj2, from 'D:\youtube\youtube-like-transcoder-main\uploads\7972e39b00857b08a8def4a59529dbc5':
  Metadata:
    major_brand     : mp42
    minor_version   : 0
    compatible_brands: mp41isom
    creation_time   : 2026-08-14T13:12:02.000000Z
  Duration: 00:03:14.23, start: 0.000000, bitrate: 8663 kb/s
  Stream #0:0[0x1](und): Video: h264 (Main) (avc1 / 0x31637661), yuv420p(progressive), 1920x1080 [SAR 1:1 DAR 16:9], 8662 kb/s, 30 fps, 30 tbr, 30k tbn (default)
    Metadata:
      creation_time   : 2026-08-14T13:12:02.000000Z
      handler_name    : VideoHandler
      encoder         : AVC Coding

stderr: Stream mapping:
  Stream #0:0 -> #0:0 (h264 (native) -> mjpeg (native))

stderr: Press [q] to stop, [?] for help

stderr: Output #0, image2, to 'D:\youtube\youtube-like-transcoder-main\uploads\7972e39b00857b08a8def4a59529dbc5_hls\thumbnails.jpg':
  Metadata:
    encoder         : Lavf63.6.100
  Stream #0:0(und): Video: mjpeg, yuv420p(pc, progressive), 1622x370 [SAR 1:1 DAR 811:185], q=2-31, 200 kb/s, 0.0050 fps, 0.0050 tbn (default)
    Metadata:
      encoder         : Lavc63.11.100 mjpeg
      creation_time   : 2026-08-14T13:12:02.000000Z
      handler_name    : VideoHandler
    Side data:
      
stderr: CPB properties: bitrate max/min/avg: 0/0/200000 buffer size: 0 vbv_delay: N/A

stderr: [out#0/image2 @ 000001840c727240] video:70KiB audio:0KiB subtitle:0KiB other streams:0KiB global headers:0KiB muxing overhead: unknown
frame=    1 fps=0.4 q=4.0 Lsize=N/A time=00:03:20.00 bitrate=N/A speed=81.6x elapsed=0:00:02.44    

Thumbnails generated at D:\youtube\youtube-like-transcoder-main\uploads\7972e39b00857b08a8def4a59529dbc5_hls/thumbnails.jpg
stderr: ffmpeg version N-126455-gecc7eb519e-20260907 Copyright (c) 2000-2026 the FFmpeg developers
  built with gcc 15.2.0 (crosstool-NG 1.28.0.23_185f348)
  configuration: --prefix=/ffbuild/prefix --pkg-config-flags=--static --pkg-config=pkg-config --cross-prefix=x86_64-w64-mingw32- --arch=x86_64 --target-os=mingw32 --enable-gpl --enable-version3 --disable-debug --disable-w32threads --enable-pthreads --enable-iconv --enable-zlib --enable-libxml2 --enable-libvmaf --enable-fontconfig --enable-libharfbuzz --enable-libfreetype --enable-libfribidi --enable-vulkan --enable-libvorbis --disable-libxcb --disable-xlib --disable-libpulse --enable-gmp --enable-lzma --enable-liblcevc-dec --enable-opencl --enable-amf --enable-libaom --enable-libaribb24 --enable-avisynth --enable-chromaprint --enable-libdav1d --enable-libdavs2 --enable-libdvdread --enable-libdvdnav --disable-libfdk-aac --enable-ffnvcodec --enable-cuda-llvm --enable-frei0r --enable-libgme --enable-libkvazaar --enable-libaribcaption --enable-libass --enable-libbluray --enable-libjxl --enable-libmp3lame --enable-libopus --enable-libplacebo --enable-librist --enable-libssh --enable-libtheora --enable-libvpx --enable-libwebp --enable-libzmq --enable-lv2 --enable-libvpl --enable-openal --enable-liboapv --enable-libopencore-amrnb --enable-libopencore-amrwb --enable-libopenh264 --enable-libopenjpeg --enable-libopenmpt --enable-librav1e --enable-librubberband --enable-schannel --enable-sdl2 --enable-libsnappy --enable-libsoxr --enable-libsrt --enable-libsvtav1 --enable-libtwolame --enable-libuavs3d --disable-libdrm --enable-vaapi --enable-libvidstab --enable-libvvenc --disable-whisper --enable-libx264 --enable-libx265 --enable-libxavs2 --enable-libxvid --enable-libzimg --enable-libzvbi --extra-cflags=-DLIBTWOLAME_STATIC --extra-cxxflags= --extra-libs=-lgomp --extra-ldflags=-pthread --extra-ldexeflags= --cc=x86_64-w64-mingw32-gcc --cxx=x86_64-w64-mingw32-g++ --ar=x86_64-w64-mingw32-gcc-ar --ranlib=x86_64-w64-mingw32-gcc-ranlib --nm=x86_64-w64-mingw32-gcc-nm --extra-version=20260907
  libavutil      61.  7.100 / 61.  7.100
  libavcodec     63. 11.100 / 63. 11.100
  libavformat    63.  6.100 / 63.  6.100
  libavdevice    63.  2.100 / 63.  2.100
  libavfilter    12.  4.100 / 12.  4.100
  libswscale     10.  2.100 / 10.  2.100
  libswresample   7.  3.100 /  7.  3.100

stderr: Input #0, mov,mp4,m4a,3gp,3g2,mj2, from 'D:\youtube\youtube-like-transcoder-main\uploads\7972e39b00857b08a8def4a59529dbc5':
  Metadata:
    major_brand     : mp42
    minor_version   : 0
    compatible_brands: mp41isom
    creation_time   : 2026-08-14T13:12:02.000000Z
  Duration: 00:03:14.23, start: 0.000000, bitrate: 8663 kb/s
  Stream #0:0[0x1](und): Video: h264 (Main) (avc1 / 0x31637661), yuv420p(progressive), 1920x1080 [SAR 1:1 DAR 16:9], 8662 kb/s, 30 fps, 30 tbr, 30k tbn (default)
    Metadata:
      creation_time   : 2026-08-14T13:12:02.000000Z
      handler_name    : VideoHandler
      encoder         : AVC Coding

stderr: Stream mapping:
  Stream #0:0 (h264) -> split:default
  scale:default -> Stream #0:0 (libx264)
  scale:default -> Stream #1:0 (libx264)
  scale:default -> Stream #2:0 (libx264)

stderr: Press [q] to stop, [?] for help

stderr: [libx264 @ 0000019e51e96f00] using SAR=1/1

stderr: [libx264 @ 0000019e51e96f00] using cpu capabilities: MMX2 SSE2Fast SSSE3 SSE4.2 AVX FMA3 BMI2 AVX2

stderr: [libx264 @ 0000019e51e96f00] profile High, level 3.0, 4:2:0, 8-bit

stderr: [libx264 @ 0000019e51e96f00] 264 - core 165 - H.264/MPEG-4 AVC codec - Copyleft 2003-2025 - http://www.videolan.org/x264.html - options: cabac=1 ref=2 deblock=1:0:0 analyse=0x3:0x113 me=hex subme=6 psy=1 psy_rd=1.00:0.00 mixed_ref=1 me_range=16 chroma_me=1 trellis=1 8x8dct=1 cqm=0 deadzone=21,11 fast_pskip=1 chroma_qp_offset=-2 threads=11 lookahead_threads=1 sliced_threads=0 nr=0 decimate=1 interlaced=0 bluray_compat=0 constrained_intra=0 bframes=3 b_pyramid=2 b_adapt=1 b_bias=0 direct=1 weightb=1 open_gop=0 weightp=1 keyint=250 keyint_min=25 scenecut=40 intra_refresh=0 rc_lookahead=30 rc=crf mbtree=1 crf=28.0 qcomp=0.60 qpmin=0 qpmax=69 qpstep=4 ip_ratio=1.40 aq=1:1.00
Output #0, hls, to 'D:\youtube\youtube-like-transcoder-main\uploads\7972e39b00857b08a8def4a59529dbc5_hls\360p.m3u8':
  Metadata:
    encoder         : Lavf63.6.100

stderr:   Stream #0:0: Video: h264, yuv420p(tv, progressive), 640x360 [SAR 1:1 DAR 16:9], q=2-31, 30 fps, 90k tbn
    Metadata:
      encoder         : Lavc63.11.100 libx264
    Side data:
      CPB properties: bitrate max/min/avg: 0/0/0 buffer size: 0 vbv_delay: N/A

stderr: [libx264 @ 0000019e51e93140] using SAR=1/1

stderr: [libx264 @ 0000019e51e93140] using cpu capabilities: MMX2 SSE2Fast SSSE3 SSE4.2 AVX FMA3 BMI2 AVX2

stderr: [libx264 @ 0000019e51e93140] profile High, level 3.1, 4:2:0, 8-bit

stderr: [libx264 @ 0000019e51e93140] 264 - core 165 - H.264/MPEG-4 AVC codec - Copyleft 2003-2025 - http://www.videolan.org/x264.html - options: cabac=1 ref=2 deblock=1:0:0 analyse=0x3:0x113 me=hex subme=6 psy=1 psy_rd=1.00:0.00 mixed_ref=1 me_range=16 chroma_me=1 trellis=1 8x8dct=1 cqm=0 deadzone=21,11 fast_pskip=1 chroma_qp_offset=-2 threads=22 lookahead_threads=3 sliced_threads=0 nr=0 decimate=1 interlaced=0 bluray_compat=0 constrained_intra=0 bframes=3 b_pyramid=2 b_adapt=1 b_bias=0 direct=1 weightb=1 open_gop=0 weightp=1 keyint=250 keyint_min=25 scenecut=40 intra_refresh=0 rc_lookahead=30 rc=crf mbtree=1 crf=23.0 qcomp=0.60 qpmin=0 qpmax=69 qpstep=4 ip_ratio=1.40 aq=1:1.00
Output #1, hls, to 'D:\youtube\youtube-like-transcoder-main\uploads\7972e39b00857b08a8def4a59529dbc5_hls\720p.m3u8':
  Metadata:
    encoder         : Lavf63.6.100
  Stream #1:0: Video: h264, yuv420p(tv, progressive), 1280x720 [SAR 1:1 DAR 16:9], q=2-31, 30 fps, 90k tbn
    Metadata:
      encoder         : Lavc63.11.100 libx264

stderr:     Side data:
      CPB properties: bitrate max/min/avg: 0/0/0 buffer size: 0 vbv_delay: N/A

stderr: [libx264 @ 0000019e53d60b80] using SAR=1/1

stderr: [libx264 @ 0000019e53d60b80] using cpu capabilities: MMX2 SSE2Fast SSSE3 SSE4.2 AVX FMA3 BMI2 AVX2

stderr: [libx264 @ 0000019e53d60b80] profile High, level 4.0, 4:2:0, 8-bit
[libx264 @ 0000019e53d60b80] 264 - core 165 - H.264/MPEG-4 AVC codec - Copyleft 2003-2025 - http://www.videolan.org/x264.html - options: cabac=1 ref=2 deblock=1:0:0 analyse=0x3:0x113 me=hex subme=6 psy=1 psy_rd=1.00:0.00 mixed_ref=1 me_range=16 chroma_me=1 trellis=1 8x8dct=1 cqm=0 deadzone=21,11 fast_pskip=1 chroma_qp_offset=-2 threads=24 lookahead_threads=4 sliced_threads=0 nr=0 decimate=1 interlaced=0 bluray_compat=0 constrained_intra=0 bframes=3 b_pyramid=2 b_adapt=1 b_bias=0 direct=1 weightb=1 open_gop=0 weightp=1 keyint=250 keyint_min=25 scenecut=40 intra_refresh=0 rc_lookahead=30 rc=crf mbtree=1 crf=20.0 qcomp=0.60 qpmin=0 qpmax=69 qpstep=4 ip_ratio=1.40 aq=1:1.00
Output #2, hls, to 'D:\youtube\youtube-like-transcoder-main\uploads\7972e39b00857b08a8def4a59529dbc5_hls\1080p.m3u8':
  Metadata:
    encoder         : Lavf63.6.100
  Stream #2:0: Video: h264, yuv420p(tv, progressive), 1920x1080 [SAR 1:1 DAR 16:9], q=2-31, 30 fps, 90k tbn
    Metadata:
      encoder         : Lavc63.11.100 libx264
    Side data:
      CPB properties: bitrate max/min/avg: 0/0/0 buffer size: 0 vbv_delay: N/A

stderr: frame=   61 fps=0.0 q=34.0 q=29.0 q=26.0 size=N/A time=00:00:01.96 bitrate=N/A speed=3.71x elapsed=0:00:00.52    
stderr: frame=  173 fps=165 q=34.0 q=29.0 q=26.0 size=N/A time=00:00:05.70 bitrate=N/A speed=5.43x elapsed=0:00:01.04    
stderr: [hls @ 0000019e51e96c40] Opening 'D:\youtube\youtube-like-transcoder-main\uploads\7972e39b00857b08a8def4a59529dbc5_hls\360p_000.ts' for writing

stderr: [hls @ 0000019e51ea0480] Opening 'D:\youtube\youtube-like-transcoder-main\uploads\7972e39b00857b08a8def4a59529dbc5_hls\720p_000.ts' for writing

stderr: [hls @ 0000019e53d600c0] Opening 'D:\youtube\youtube-like-transcoder-main\uploads\7972e39b00857b08a8def4a59529dbc5_hls\1080p_000.ts' for writing

stderr: frame=  277 fps=177 q=34.0 q=29.0 q=26.0 size=N/A time=00:00:09.16 bitrate=N/A speed=5.85x elapsed=0:00:01.56    
stderr: frame=  390 fps=186 q=34.0 q=29.0 q=26.0 size=N/A time=00:00:12.93 bitrate=N/A speed=6.18x elapsed=0:00:02.09    
stderr: [hls @ 0000019e51e96c40] Opening 'D:\youtube\youtube-like-transcoder-main\uploads\7972e39b00857b08a8def4a59529dbc5_hls\360p_001.ts' for writing

stderr: frame=  510 fps=195 q=34.0 q=29.0 q=26.0 size=N/A time=00:00:16.93 bitrate=N/A speed=6.47x elapsed=0:00:02.61    
stderr: [hls @ 0000019e51ea0480] Opening 'D:\youtube\youtube-like-transcoder-main\uploads\7972e39b00857b08a8def4a59529dbc5_hls\720p_001.ts' for writing

stderr: [hls @ 0000019e53d600c0] Opening 'D:\youtube\youtube-like-transcoder-main\uploads\7972e39b00857b08a8def4a59529dbc5_hls\1080p_001.ts' for writing

stderr: frame=  623 fps=199 q=34.0 q=29.0 q=26.0 size=N/A time=00:00:20.70 bitrate=N/A speed=6.61x elapsed=0:00:03.13    
stderr: frame=  741 fps=203 q=31.0 q=26.0 q=26.0 size=N/A time=00:00:24.63 bitrate=N/A speed=6.75x elapsed=0:00:03.64    
stderr: [hls @ 0000019e51e96c40] Opening 'D:\youtube\youtube-like-transcoder-main\uploads\7972e39b00857b08a8def4a59529dbc5_hls\360p_002.ts' for writing

stderr: [hls @ 0000019e51ea0480] Opening 'D:\youtube\youtube-like-transcoder-main\uploads\7972e39b00857b08a8def4a59529dbc5_hls\720p_002.ts' for writing

stderr: [hls @ 0000019e53d600c0] Opening 'D:\youtube\youtube-like-transcoder-main\uploads\7972e39b00857b08a8def4a59529dbc5_hls\1080p_002.ts' for writing

stderr: frame=  853 fps=205 q=34.0 q=29.0 q=26.0 size=N/A time=00:00:28.36 bitrate=N/A speed=6.81x elapsed=0:00:04.16    
stderr: frame=  966 fps=207 q=34.0 q=29.0 q=26.0 size=N/A time=00:00:32.13 bitrate=N/A speed=6.88x elapsed=0:00:04.67    
stderr: [hls @ 0000019e51e96c40] Opening 'D:\youtube\youtube-like-transcoder-main\uploads\7972e39b00857b08a8def4a59529dbc5_hls\360p_003.ts' for writing

stderr: [hls @ 0000019e51ea0480] Opening 'D:\youtube\youtube-like-transcoder-main\uploads\7972e39b00857b08a8def4a59529dbc5_hls\720p_003.ts' for writing

stderr: [hls @ 0000019e53d600c0] Opening 'D:\youtube\youtube-like-transcoder-main\uploads\7972e39b00857b08a8def4a59529dbc5_hls\1080p_003.ts' for writing

stderr: frame= 1058 fps=204 q=34.0 q=29.0 q=26.0 size=N/A time=00:00:35.20 bitrate=N/A speed=6.78x elapsed=0:00:05.18    
stderr: frame= 1131 fps=198 q=34.0 q=29.0 q=26.0 size=N/A time=00:00:37.63 bitrate=N/A speed=6.59x elapsed=0:00:05.70    
stderr: frame= 1219 fps=196 q=34.0 q=29.0 q=26.0 size=N/A time=00:00:40.56 bitrate=N/A speed=6.51x elapsed=0:00:06.23    
stderr: [hls @ 0000019e51e96c40] Opening 'D:\youtube\youtube-like-transcoder-main\uploads\7972e39b00857b08a8def4a59529dbc5_hls\360p_004.ts' for writing

stderr: [hls @ 0000019e51ea0480] Opening 'D:\youtube\youtube-like-transcoder-main\uploads\7972e39b00857b08a8def4a59529dbc5_hls\720p_004.ts' for writing

stderr: [hls @ 0000019e53d600c0] Opening 'D:\youtube\youtube-like-transcoder-main\uploads\7972e39b00857b08a8def4a59529dbc5_hls\1080p_004.ts' for writing

stderr: frame= 1296 fps=192 q=34.0 q=29.0 q=26.0 size=N/A time=00:00:43.13 bitrate=N/A speed=6.39x elapsed=0:00:06.74    
stderr: frame= 1407 fps=194 q=34.0 q=29.0 q=26.0 size=N/A time=00:00:46.83 bitrate=N/A speed=6.44x elapsed=0:00:07.26    
stderr: [hls @ 0000019e51e96c40] Opening 'D:\youtube\youtube-like-transcoder-main\uploads\7972e39b00857b08a8def4a59529dbc5_hls\360p_005.ts' for writing

stderr: [hls @ 0000019e51ea0480] Opening 'D:\youtube\youtube-like-transcoder-main\uploads\7972e39b00857b08a8def4a59529dbc5_hls\720p_005.ts' for writing

stderr: [hls @ 0000019e53d600c0] Opening 'D:\youtube\youtube-like-transcoder-main\uploads\7972e39b00857b08a8def4a59529dbc5_hls\1080p_005.ts' for writing

stderr: frame= 1519 fps=195 q=34.0 q=29.0 q=26.0 size=N/A time=00:00:50.56 bitrate=N/A speed=6.49x elapsed=0:00:07.78    
stderr: frame= 1630 fps=196 q=34.0 q=29.0 q=26.0 size=N/A time=00:00:54.26 bitrate=N/A speed=6.53x elapsed=0:00:08.31    
stderr: frame= 1744 fps=198 q=34.0 q=29.0 q=26.0 size=N/A time=00:00:58.06 bitrate=N/A speed=6.58x elapsed=0:00:08.82    
stderr: [hls @ 0000019e51e96c40] Opening 'D:\youtube\youtube-like-transcoder-main\uploads\7972e39b00857b08a8def4a59529dbc5_hls\360p_006.ts' for writing

stderr: [hls @ 0000019e51ea0480] Opening 'D:\youtube\youtube-like-transcoder-main\uploads\7972e39b00857b08a8def4a59529dbc5_hls\720p_006.ts' for writing

stderr: [hls @ 0000019e53d600c0] Opening 'D:\youtube\youtube-like-transcoder-main\uploads\7972e39b00857b08a8def4a59529dbc5_hls\1080p_006.ts' for writing

stderr: frame= 1860 fps=199 q=34.0 q=29.0 q=26.0 size=N/A time=00:01:01.93 bitrate=N/A speed=6.63x elapsed=0:00:09.34    
stderr: frame= 1974 fps=200 q=34.0 q=29.0 q=26.0 size=N/A time=00:01:05.73 bitrate=N/A speed=6.67x elapsed=0:00:09.85    
stderr: [hls @ 0000019e51e96c40] Opening 'D:\youtube\youtube-like-transcoder-main\uploads\7972e39b00857b08a8def4a59529dbc5_hls\360p_007.ts' for writing

stderr: [hls @ 0000019e51ea0480] Opening 'D:\youtube\youtube-like-transcoder-main\uploads\7972e39b00857b08a8def4a59529dbc5_hls\720p_007.ts' for writing

stderr: [hls @ 0000019e53d600c0]
stderr:  Opening 'D:\youtube\youtube-like-transcoder-main\uploads\7972e39b00857b08a8def4a59529dbc5_hls\1080p_007.ts' for writing

stderr: frame= 2088 fps=201 q=34.0 q=29.0 q=26.0 size=N/A time=00:01:09.53 bitrate=N/A speed= 6.7x elapsed=0:00:10.37    
stderr: frame= 2203 fps=202 q=34.0 q=29.0 q=26.0 size=N/A time=00:01:13.36 bitrate=N/A speed=6.73x elapsed=0:00:10.90    
stderr: [hls @ 0000019e51e96c40] Opening 'D:\youtube\youtube-like-transcoder-main\uploads\7972e39b00857b08a8def4a59529dbc5_hls\360p_008.ts' for writing

stderr: [hls @ 0000019e51ea0480] Opening 'D:\youtube\youtube-like-transcoder-main\uploads\7972e39b00857b08a8def4a59529dbc5_hls\720p_008.ts' for writing

stderr: [hls @ 0000019e53d600c0] Opening 'D:\youtube\youtube-like-transcoder-main\uploads\7972e39b00857b08a8def4a59529dbc5_hls\1080p_008.ts' for writing

stderr: frame= 2312 fps=202 q=34.0 q=29.0 q=26.0 size=N/A time=00:01:17.00 bitrate=N/A speed=6.73x elapsed=0:00:11.43    
stderr: frame= 2424 fps=203 q=34.0 q=29.0 q=26.0 size=N/A time=00:01:20.73 bitrate=N/A speed=6.75x elapsed=0:00:11.95    
stderr: [hls @ 0000019e51e96c40] Opening 'D:\youtube\youtube-like-transcoder-main\uploads\7972e39b00857b08a8def4a59529dbc5_hls\360p_009.ts' for writing

stderr: [hls @ 0000019e51ea0480] Opening 'D:\youtube\youtube-like-transcoder-main\uploads\7972e39b00857b08a8def4a59529dbc5_hls\720p_009.ts' for writing

stderr: [hls @ 0000019e53d600c0] Opening 'D:\youtube\youtube-like-transcoder-main\uploads\7972e39b00857b08a8def4a59529dbc5_hls\1080p_009.ts' for writing

stderr: frame= 2535 fps=203 q=34.0 q=29.0 q=26.0 size=N/A time=00:01:24.40 bitrate=N/A speed=6.77x elapsed=0:00:12.46    
stderr: frame= 2649 fps=204 q=34.0 q=29.0 q=26.0 size=N/A time=00:01:28.23 bitrate=N/A speed=6.79x elapsed=0:00:12.98    
stderr: frame= 2736 fps=203 q=34.0 q=29.0 q=26.0 size=N/A time=00:01:31.13 bitrate=N/A speed=6.75x elapsed=0:00:13.51    
stderr: [hls @ 0000019e51e96c40] Opening 'D:\youtube\youtube-like-transcoder-main\uploads\7972e39b00857b08a8def4a59529dbc5_hls\360p_010.ts' for writing

stderr: [hls @ 0000019e51ea0480] Opening 'D:\youtube\youtube-like-transcoder-main\uploads\7972e39b00857b08a8def4a59529dbc5_hls\720p_010.ts' for writing

stderr: [hls @ 0000019e53d600c0] Opening 'D:\youtube\youtube-like-transcoder-main\uploads\7972e39b00857b08a8def4a59529dbc5_hls\1080p_010.ts' for writing

stderr: frame= 2838 fps=202 q=34.0 q=29.0 q=26.0 size=N/A time=00:01:34.53 bitrate=N/A speed=6.74x elapsed=0:00:14.01    
stderr: frame= 2947 fps=203 q=34.0 q=29.0 q=26.0 size=N/A time=00:01:38.16 bitrate=N/A speed=6.75x elapsed=0:00:14.53    
stderr: [hls @ 0000019e51e96c40] Opening 'D:\youtube\youtube-like-transcoder-main\uploads\7972e39b00857b08a8def4a59529dbc5_hls\360p_011.ts' for writing

stderr: [hls @ 0000019e51ea0480] Opening 'D:\youtube\youtube-like-transcoder-main\uploads\7972e39b00857b08a8def4a59529dbc5_hls\720p_011.ts' for writing

stderr: [hls @ 0000019e53d600c0] Opening 'D:\youtube\youtube-like-transcoder-main\uploads\7972e39b00857b08a8def4a59529dbc5_hls\1080p_011.ts' for writing

stderr: frame= 3042 fps=202 q=34.0 q=29.0 q=26.0 size=N/A time=00:01:41.33 bitrate=N/A speed=6.73x elapsed=0:00:15.06    
stderr: frame= 3160 fps=203 q=34.0 q=29.0 q=26.0 size=N/A time=00:01:45.26 bitrate=N/A speed=6.75x elapsed=0:00:15.59    
stderr: [hls @ 0000019e51e96c40] Opening 'D:\youtube\youtube-like-transcoder-main\uploads\7972e39b00857b08a8def4a59529dbc5_hls\360p_012.ts' for writing

stderr: [hls @ 0000019e51ea0480] Opening 'D:\youtube\youtube-like-transcoder-main\uploads\7972e39b00857b08a8def4a59529dbc5_hls\720p_012.ts' for writing

stderr: frame= 3267 fps=203 q=34.0 q=29.0 q=26.0 size=N/A time=00:01:48.83 bitrate=N/A speed=6.76x elapsed=0:00:16.11    
stderr: [hls @ 0000019e53d600c0] Opening 'D:\youtube\youtube-like-transcoder-main\uploads\7972e39b00857b08a8def4a59529dbc5_hls\1080p_012.ts' for writing

stderr: frame= 3379 fps=203 q=34.0 q=29.0 q=26.0 size=N/A time=00:01:52.56 bitrate=N/A speed=6.77x elapsed=0:00:16.63    
stderr: [hls @ 0000019e51e96c40] Opening 'D:\youtube\youtube-like-transcoder-main\uploads\7972e39b00857b08a8def4a59529dbc5_hls\360p_013.ts' for writing

stderr: frame= 3475 fps=203 q=34.0 q=29.0 q=26.0 size=N/A time=00:01:55.76 bitrate=N/A speed=6.75x elapsed=0:00:17.15    
stderr: [hls @ 0000019e51ea0480] Opening 'D:\youtube\youtube-like-transcoder-main\uploads\7972e39b00857b08a8def4a59529dbc5_hls\720p_013.ts' for writing

stderr: [hls @ 0000019e53d600c0]
stderr:  Opening 'D:\youtube\youtube-like-transcoder-main\uploads\7972e39b00857b08a8def4a59529dbc5_hls\1080p_013.ts' for writing

stderr: frame= 3534 fps=200 q=34.0 q=29.0 q=26.0 size=N/A time=00:01:57.73 bitrate=N/A speed=6.66x elapsed=0:00:17.66    
stderr: [hls @ 0000019e51e96c40] Opening 'D:\youtube\youtube-like-transcoder-main\uploads\7972e39b00857b08a8def4a59529dbc5_hls\360p_014.ts' for writing

stderr: frame= 3606 fps=198 q=34.0 q=29.0 q=26.0 size=N/A time=00:02:00.13 bitrate=N/A speed=6.61x elapsed=0:00:18.18    
stderr: frame= 3689 fps=197 q=34.0 q=29.0 q=26.0 size=N/A time=00:02:02.90 bitrate=N/A speed=6.57x elapsed=0:00:18.70    
stderr: [hls @ 0000019e51e96c40] Opening 'D:\youtube\youtube-like-transcoder-main\uploads\7972e39b00857b08a8def4a59529dbc5_hls\360p_015.ts' for writing

stderr: [hls @ 0000019e51ea0480] Opening 'D:\youtube\youtube-like-transcoder-main\uploads\7972e39b00857b08a8def4a59529dbc5_hls\720p_014.ts' for writing

stderr: [hls @ 0000019e53d600c0] Opening 'D:\youtube\youtube-like-transcoder-main\uploads\7972e39b00857b08a8def4a59529dbc5_hls\1080p_014.ts' for writing

stderr: frame= 3753 fps=195 q=31.0 q=29.0 q=26.0 size=N/A time=00:02:05.00 bitrate=N/A speed=6.51x elapsed=0:00:19.21    
stderr: [hls @ 0000019e51e96c40] Opening 'D:\youtube\youtube-like-transcoder-main\uploads\7972e39b00857b08a8def4a59529dbc5_hls\360p_016.ts' for writing

stderr: frame= 3829 fps=194 q=34.0 q=29.0 q=26.0 size=N/A time=00:02:07.56 bitrate=N/A speed=6.47x elapsed=0:00:19.73    
stderr: frame= 3939 fps=195 q=34.0 q=29.0 q=26.0 size=N/A time=00:02:11.23 bitrate=N/A speed=6.48x elapsed=0:00:20.24    
stderr: [hls @ 0000019e51ea0480] Opening 'D:\youtube\youtube-like-transcoder-main\uploads\7972e39b00857b08a8def4a59529dbc5_hls\720p_015.ts' for writing

stderr: [hls @ 0000019e53d600c0] Opening 'D:\youtube\youtube-like-transcoder-main\uploads\7972e39b00857b08a8def4a59529dbc5_hls\1080p_015.ts' for writing

stderr: [hls @ 0000019e51e96c40] Opening 'D:\youtube\youtube-like-transcoder-main\uploads\7972e39b00857b08a8def4a59529dbc5_hls\360p_017.ts' for writing

stderr: frame= 4044 fps=195 q=34.0 q=29.0 q=26.0 size=N/A time=00:02:14.73 bitrate=N/A speed=6.49x elapsed=0:00:20.76    
stderr: frame= 4152 fps=195 q=34.0 q=29.0 q=26.0 size=N/A time=00:02:18.33 bitrate=N/A speed= 6.5x elapsed=0:00:21.29    
stderr: [hls @ 0000019e51ea0480] Opening 'D:\youtube\youtube-like-transcoder-main\uploads\7972e39b00857b08a8def4a59529dbc5_hls\720p_016.ts' for writing

stderr: [hls @ 0000019e53d600c0] Opening 'D:\youtube\youtube-like-transcoder-main\uploads\7972e39b00857b08a8def4a59529dbc5_hls\1080p_016.ts' for writing

stderr: frame= 4253 fps=195 q=31.0 q=29.0 q=26.0 size=N/A time=00:02:21.70 bitrate=N/A speed= 6.5x elapsed=0:00:21.81    
stderr: [hls @ 0000019e51e96c40] Opening 'D:\youtube\youtube-like-transcoder-main\uploads\7972e39b00857b08a8def4a59529dbc5_hls\360p_018.ts' for writing

stderr: frame= 4364 fps=196 q=34.0 q=29.0 q=26.0 size=N/A time=00:02:25.40 bitrate=N/A speed=6.52x elapsed=0:00:22.31    
stderr: [hls @ 0000019e51ea0480] Opening 'D:\youtube\youtube-like-transcoder-main\uploads\7972e39b00857b08a8def4a59529dbc5_hls\720p_017.ts' for writing

stderr: frame= 4475 fps=196 q=34.0 q=29.0 q=26.0 size=N/A time=00:02:29.10 bitrate=N/A speed=6.53x elapsed=0:00:22.83    
stderr: [hls @ 0000019e53d600c0] Opening 'D:\youtube\youtube-like-transcoder-main\uploads\7972e39b00857b08a8def4a59529dbc5_hls\1080p_017.ts' for writing

stderr: [hls @ 0000019e51e96c40] Opening 'D:\youtube\youtube-like-transcoder-main\uploads\7972e39b00857b08a8def4a59529dbc5_hls\360p_019.ts' for writing

stderr: frame= 4589 fps=196 q=34.0 q=29.0 q=26.0 size=N/A time=00:02:32.90 bitrate=N/A speed=6.55x elapsed=0:00:23.35    
stderr: frame= 4696 fps=197 q=34.0 q=29.0 q=26.0 size=N/A time=00:02:36.46 bitrate=N/A speed=6.55x elapsed=0:00:23.87    
stderr: [hls @ 0000019e51ea0480] Opening 'D:\youtube\youtube-like-transcoder-main\uploads\7972e39b00857b08a8def4a59529dbc5_hls\720p_018.ts' for writing

stderr: [hls @ 0000019e53d600c0] Opening 'D:\youtube\youtube-like-transcoder-main\uploads\7972e39b00857b08a8def4a59529dbc5_hls\1080p_018.ts' for writing

stderr: [hls @ 0000019e51e96c40] Opening 'D:\youtube\youtube-like-transcoder-main\uploads\7972e39b00857b08a8def4a59529dbc5_hls\360p_020.ts' for writing

stderr: frame= 4808 fps=197 q=34.0 q=29.0 q=26.0 size=N/A time=00:02:40.20 bitrate=N/A speed=6.57x elapsed=0:00:24.38    
stderr: frame= 4919 fps=198 q=34.0 q=29.0 q=26.0 size=N/A time=00:02:43.90 bitrate=N/A speed=6.59x elapsed=0:00:24.88    
stderr: [hls @ 0000019e51ea0480] Opening 'D:\youtube\youtube-like-transcoder-main\uploads\7972e39b00857b08a8def4a59529dbc5_hls\720p_019.ts' for writing

stderr: [hls @ 0000019e53d600c0] Opening 'D:\youtube\youtube-like-transcoder-main\uploads\7972e39b00857b08a8def4a59529dbc5_hls\1080p_019.ts' for writing

stderr: [hls @ 0000019e51e96c40] Opening 'D:\youtube\youtube-like-transcoder-main\uploads\7972e39b00857b08a8def4a59529dbc5_hls\360p_021.ts' for writing

stderr: frame= 5030 fps=198 q=34.0 q=29.0 q=26.0 size=N/A time=00:02:47.63 bitrate=N/A speed= 6.6x elapsed=0:00:25.40    
stderr: frame= 5140 fps=198 q=34.0 q=29.0 q=26.0 size=N/A time=00:02:51.26 bitrate=N/A speed=6.61x elapsed=0:00:25.92    
stderr: [hls @ 0000019e51ea0480] Opening 'D:\youtube\youtube-like-transcoder-main\uploads\7972e39b00857b08a8def4a59529dbc5_hls\720p_020.ts' for writing

stderr: [hls @ 0000019e53d600c0] Opening 'D:\youtube\youtube-like-transcoder-main\uploads\7972e39b00857b08a8def4a59529dbc5_hls\1080p_020.ts' for writing

stderr: frame= 5247 fps=198 q=34.0 q=29.0 q=26.0 size=N/A time=00:02:54.83 bitrate=N/A speed=6.61x elapsed=0:00:26.43    
stderr: [hls @ 0000019e51e96c40] Opening 'D:\youtube\youtube-like-transcoder-main\uploads\7972e39b00857b08a8def4a59529dbc5_hls\360p_022.ts' for writing

stderr: frame= 5359 fps=199 q=34.0 q=29.0 q=26.0 size=N/A time=00:02:58.56 bitrate=N/A speed=6.63x elapsed=0:00:26.95    
stderr: [hls @ 0000019e51ea0480] Opening 'D:\youtube\youtube-like-transcoder-main\uploads\7972e39b00857b08a8def4a59529dbc5_hls\720p_021.ts' for writing

stderr: frame= 5475 fps=199 q=34.0 q=29.0 q=26.0 size=N/A time=00:03:02.43 bitrate=N/A speed=6.64x elapsed=0:00:27.46    
stderr: [hls @ 0000019e53d600c0] 
stderr: Opening 'D:\youtube\youtube-like-transcoder-main\uploads\7972e39b00857b08a8def4a59529dbc5_hls\1080p_021.ts' for writing

stderr: [hls @ 0000019e51e96c40] Opening 'D:\youtube\youtube-like-transcoder-main\uploads\7972e39b00857b08a8def4a59529dbc5_hls\360p_023.ts' for writing

stderr: frame= 5587 fps=200 q=34.0 q=29.0 q=26.0 size=N/A time=00:03:06.16 bitrate=N/A speed=6.65x elapsed=0:00:27.99    
stderr: frame= 5700 fps=200 q=34.0 q=29.0 q=23.0 size=N/A time=00:03:09.93 bitrate=N/A speed=6.66x elapsed=0:00:28.50    
stderr: [hls @ 0000019e51ea0480] Opening 'D:\youtube\youtube-like-transcoder-main\uploads\7972e39b00857b08a8def4a59529dbc5_hls\720p_022.ts' for writing

stderr: [hls @ 0000019e53d600c0] Opening 'D:\youtube\youtube-like-transcoder-main\uploads\7972e39b00857b08a8def4a59529dbc5_hls\1080p_022.ts' for writing

stderr: [hls @ 0000019e51e96c40] Opening 'D:\youtube\youtube-like-transcoder-main\uploads\7972e39b00857b08a8def4a59529dbc5_hls\360p_024.ts' for writing

stderr: [hls @ 0000019e51e96c40] Opening 'D:\youtube\youtube-like-transcoder-main\uploads\7972e39b00857b08a8def4a59529dbc5_hls\360p_025.ts' for writing

stderr: [out#0/hls @ 0000019e51e252c0] video:817KiB audio:0KiB subtitle:0KiB other streams:0KiB global headers:0KiB muxing overhead: unknown
[hls @ 0000019e51ea0480] Opening 'D:\youtube\youtube-like-transcoder-main\uploads\7972e39b00857b08a8def4a59529dbc5_hls\720p_023.ts' for writing

stderr: [out#1/hls @ 0000019e51e25500] video:3171KiB audio:0KiB subtitle:0KiB other streams:0KiB global headers:0KiB muxing overhead: unknown
[hls @ 0000019e53d600c0] Opening 'D:\youtube\youtube-like-transcoder-main\uploads\7972e39b00857b08a8def4a59529dbc5_hls\1080p_023.ts' for writing

stderr: [out#2/hls @ 0000019e51e251c0] video:7612KiB audio:0KiB subtitle:0KiB other streams:0KiB global headers:0KiB muxing overhead: unknown
frame= 5827 fps=201 q=-1.0 Lq=-1.0 q=-1.0 size=N/A time=00:03:14.16 bitrate=N/A speed=6.68x elapsed=0:00:29.05    

stderr: [libx264 @ 0000019e51e96f00] frame I:26    Avg QP:20.48  size:  8888
[libx264 @ 0000019e51e96f00] frame P:1679  Avg QP:27.76  size:   254
[libx264 @ 0000019e51e96f00] frame B:4122  Avg QP:33.88  size:    43
[libx264 @ 0000019e51e96f00] consecutive B-frames:  3.7%  4.1%  5.3% 86.9%

stderr: [libx264 @ 0000019e51e96f00] mb I  I16..4: 29.5% 45.3% 25.1%
[libx264 @ 0000019e51e96f00] mb P  I16..4:  0.9%  1.3%  0.4%  P16..4:  1.3%  0.3%  0.1%  0.0%  0.0%    skip:95.6%
[libx264 @ 0000019e51e96f00] mb B  I16..4:  0.2%  0.0%  0.0%  B16..8:  0.9%  0.1%  0.0%  direct: 0.1%  skip:98.7%  L0:49.1% L1:49.5% BI: 1.5%
[libx264 @ 0000019e51e96f00] 8x8 transform intra:42.9% inter:38.3%
[libx264 @ 0000019e51e96f00] coded y,uvDC,uvAC intra: 14.9% 12.0% 7.1% inter: 0.1% 0.1% 0.0%
[libx264 @ 0000019e51e96f00] i16 v,h,dc,p: 53% 45%  1%  1%
[libx264 @ 0000019e51e96f00] i8 v,h,dc,ddl,ddr,vr,hd,vl,hu: 40% 23% 35%  0%  0%  0%  0%  0%  1%
[libx264 @ 0000019e51e96f00] i4 v,h,dc,ddl,ddr,vr,hd,vl,hu: 24% 45% 16%  1%  2%  2%  3%  2%  3%
[libx264 @ 0000019e51e96f00] i8c dc,h,v,p: 81% 15%  4%  1%
[libx264 @ 0000019e51e96f00] Weighted P-Frames: Y:0.4% UV:0.2%
[libx264 @ 0000019e51e96f00] ref P L0: 75.3% 24.7%
[libx264 @ 0000019e51e96f00] ref B L0: 81.7% 18.3%
[libx264 @ 0000019e51e96f00] ref B L1: 93.4%  6.6%
[libx264 @ 0000019e51e96f00] kb/s:34.43

stderr: [libx264 @ 0000019e51e93140] frame I:24    Avg QP:15.00  size: 32259
[libx264 @ 0000019e51e93140] frame P:1657  Avg QP:22.82  size:  1127
[libx264 @ 0000019e51e93140] frame B:4146  Avg QP:29.49  size:   146
[libx264 @ 0000019e51e93140] consecutive B-frames:  3.6%  3.5%  3.5% 89.4%
[libx264 @ 0000019e51e93140] mb I  I16..4: 30.9% 52.3% 16.9%

stderr: [libx264 @ 0000019e51e93140] mb P  I16..4:  1.1%  1.5%  0.5%  P16..4:  1.2%  0.2%  0.1%  0.0%  0.0%    skip:95.5%
[libx264 @ 0000019e51e93140] mb B  I16..4:  0.1%  0.0%  0.0%  B16..8:  0.6%  0.1%  0.0%  direct: 0.1%  skip:99.0%  L0:49.6% L1:47.8% BI: 2.6%
[libx264 @ 0000019e51e93140] 8x8 transform intra:46.6% inter:46.0%
[libx264 @ 0000019e51e93140] coded y,uvDC,uvAC intra: 13.5% 12.8% 8.2% inter: 0.1% 0.2% 0.0%
[libx264 @ 0000019e51e93140] i16 v,h,dc,p: 43% 54%  1%  2%
[libx264 @ 0000019e51e93140] i8 v,h,dc,ddl,ddr,vr,hd,vl,hu: 49% 19% 30%  0%  0%  0%  0%  0%  0%
[libx264 @ 0000019e51e93140] i4 v,h,dc,ddl,ddr,vr,hd,vl,hu: 28% 36% 18%  2%  3%  3%  4%  2%  4%
[libx264 @ 0000019e51e93140] i8c dc,h,v,p: 81% 14%  4%  1%
[libx264 @ 0000019e51e93140] Weighted P-Frames: Y:0.4% UV:0.3%
[libx264 @ 0000019e51e93140] ref P L0: 70.3% 29.7%
[libx264 @ 0000019e51e93140] ref B L0: 82.9% 17.1%
[libx264 @ 0000019e51e93140] ref B L1: 94.6%  5.4%
[libx264 @ 0000019e51e93140] kb/s:133.72

stderr: [libx264 @ 0000019e53d60b80] frame I:24    Avg QP: 9.66  size: 73378
[libx264 @ 0000019e53d60b80] frame P:1691  Avg QP:17.96  size:  2840
[libx264 @ 0000019e53d60b80] frame B:4112  Avg QP:25.70  size:   299
[libx264 @ 0000019e53d60b80] consecutive B-frames:  4.2%  3.9%  4.0% 87.9%
[libx264 @ 0000019e53d60b80] mb I  I16..4: 59.8% 27.2% 13.0%
[libx264 @ 0000019e53d60b80] mb P  I16..4:  1.2%  1.4%  0.5%  P16..4:  1.3%  0.1%  0.1%  0.0%  0.0%    skip:95.4%

stderr: [libx264 @ 0000019e53d60b80] mb B  I16..4:  0.1%  0.0%  0.0%  B16..8:  0.4%  0.0%  0.0%  direct: 0.1%  skip:99.2%  L0:48.7% L1:49.4% BI: 1.9%
[libx264 @ 0000019e53d60b80] 8x8 transform intra:37.3% inter:47.7%
[libx264 @ 0000019e53d60b80] coded y,uvDC,uvAC intra: 14.4% 15.8% 10.2% inter: 0.1% 0.3% 0.1%
[libx264 @ 0000019e53d60b80] i16 v,h,dc,p: 59% 37%  2%  2%
[libx264 @ 0000019e53d60b80] i8 v,h,dc,ddl,ddr,vr,hd,vl,hu: 55% 13% 31%  0%  0%  0%  0%  0%  0%
[libx264 @ 0000019e53d60b80] i4 v,h,dc,ddl,ddr,vr,hd,vl,hu: 34% 30% 17%  2%  3%  3%  3%  2%  4%
[libx264 @ 0000019e53d60b80] i8c dc,h,v,p: 79% 13%  6%  1%
[libx264 @ 0000019e53d60b80] Weighted P-Frames: Y:0.4% UV:0.3%
[libx264 @ 0000019e53d60b80] ref P L0: 70.8% 29.2%
[libx264 @ 0000019e53d60b80] ref B L0: 84.1% 15.9%
[libx264 @ 0000019e53d60b80] ref B L1: 96.9%  3.1%
[libx264 @ 0000019e53d60b80] kb/s:321.03

HLS output ready at D:\youtube\youtube-like-transcoder-main\uploads\7972e39b00857b08a8def4a59529dbc5_hls/master.m3u8
stderr: ffmpeg version N-126455-gecc7eb519e-20260907 Copyright (c) 2000-2026 the FFmpeg developers
  built with gcc 15.2.0 (crosstool-NG 1.28.0.23_185f348)
  configuration: --prefix=/ffbuild/prefix --pkg-config-flags=--static --pkg-config=pkg-config --cross-prefix=x86_64-w64-mingw32- --arch=x86_64 --target-os=mingw32 --enable-gpl --enable-version3 --disable-debug --disable-w32threads --enable-pthreads --enable-iconv --enable-zlib --enable-libxml2 --enable-libvmaf --enable-fontconfig --enable-libharfbuzz --enable-libfreetype --enable-libfribidi --enable-vulkan --enable-libvorbis --disable-libxcb --disable-xlib --disable-libpulse --enable-gmp --enable-lzma --enable-liblcevc-dec --enable-opencl --enable-amf --enable-libaom --enable-libaribb24 --enable-avisynth --enable-chromaprint --enable-libdav1d --enable-libdavs2 --enable-libdvdread --enable-libdvdnav --disable-libfdk-aac --enable-ffnvcodec --enable-cuda-llvm --enable-frei0r --enable-libgme --enable-libkvazaar --enable-libaribcaption --enable-libass --enable-libbluray --enable-libjxl --enable-libmp3lame --enable-libopus --enable-libplacebo --enable-librist --enable-libssh --enable-libtheora --enable-libvpx --enable-libwebp --enable-libzmq --enable-lv2 --enable-libvpl --enable-openal --enable-liboapv --enable-libopencore-amrnb --enable-libopencore-amrwb --enable-libopenh264 --enable-libopenjpeg --enable-libopenmpt --enable-librav1e --enable-librubberband --enable-schannel --enable-sdl2 --enable-libsnappy --enable-libsoxr --enable-libsrt --enable-libsvtav1 --enable-libtwolame --enable-libuavs3d --disable-libdrm --enable-vaapi --enable-libvidstab --enable-libvvenc --disable-whisper --enable-libx264 --enable-libx265 --enable-libxavs2 --enable-libxvid --enable-libzimg --enable-libzvbi --extra-cflags=-DLIBTWOLAME_STATIC --extra-cxxflags= --extra-libs=-lgomp --extra-ldflags=-pthread --extra-ldexeflags= --cc=x86_64-w64-mingw32-gcc --cxx=x86_64-w64-mingw32-g++ --ar=x86_64-w64-mingw32-gcc-ar --ranlib=x86_64-w64-mingw32-gcc-ranlib --nm=x86_64-w64-mingw32-gcc-nm --extra-version=20260907

stderr:   libavutil      61.  7.100 / 61.  7.100
  libavcodec     63. 11.100 / 63. 11.100
  libavformat    63.  6.100 / 63.  6.100
  libavdevice    63.  2.100 / 63.  2.100
  libavfilter    12.  4.100 / 12.  4.100
  libswscale     10.  2.100 / 10.  2.100
  libswresample   7.  3.100 /  7.  3.100

stderr: Input #0, mov,mp4,m4a,3gp,3g2,mj2, from 'D:\youtube\youtube-like-transcoder-main\uploads\96bc0c589783d4aef138557beeccf3e3':
  Metadata:
    major_brand     : mp42
    minor_version   : 0
    compatible_brands: mp41isom
    creation_time   : 2026-09-06T16:14:31.000000Z
  Duration: 00:04:32.23, start: 0.000000, bitrate: 8466 kb/s
  Stream #0:0[0x1](und): Video: h264 (Main) (avc1 / 0x31637661), yuv420p(progressive), 1916x1032 [SAR 1:1 DAR 479:258], 8272 kb/s, 30 fps, 30 tbr, 30k tbn (default)
stderr: 
    Metadata:
      creation_time   : 2026-09-06T16:14:31.000000Z
      handler_name    : VideoHandler
      encoder         : AVC Coding
  Stream #0:1[0x2](und): Audio: aac (LC) (mp4a / 0x6134706D), 48000 Hz, stereo, fltp, 191 kb/s (default)
    Metadata:
      creation_time   : 2026-09-06T16:14:31.000000Z
      handler_name    : SoundHandler

stderr: Stream mapping:
  Stream #0:0 -> #0:0 (h264 (native) -> mjpeg (native))

stderr: Press [q] to stop, [?] for help

stderr: Output #0, image2, to 'D:\youtube\youtube-like-transcoder-main\uploads\96bc0c589783d4aef138557beeccf3e3_hls\thumbnails.jpg':
  Metadata:
    encoder         : Lavf63.6.100
  Stream #0:0
stderr: (und): Video: mjpeg, yuv420p(pc, progressive), 1622x554 [SAR 1437:1376 DAR 639113:209025], q=2-31, 200 kb/s, 0.0033 fps, 0.0033 tbn (default)
    Metadata:
      encoder         : Lavc63.11.100 mjpeg
      creation_time   : 2026-09-06T16:14:31.000000Z
      handler_name    : VideoHandler
    Side data:
      CPB properties: bitrate max/min/avg: 0/0/200000 buffer size: 0 vbv_delay: N/A

stderr: [out#0/image2 @ 0000026346e08100] video:182KiB audio:0KiB subtitle:0KiB other streams:0KiB global headers:0KiB muxing overhead: unknown

stderr: frame=    1 fps=0.2 q=4.0 Lsize=N/A time=00:05:00.00 bitrate=N/A speed=64.1x elapsed=0:00:04.68    

Thumbnails generated at D:\youtube\youtube-like-transcoder-main\uploads\96bc0c589783d4aef138557beeccf3e3_hls/thumbnails.jpg
stderr: ffmpeg version N-126455-gecc7eb519e-20260907 Copyright (c) 2000-2026 the FFmpeg developers
  built with gcc 15.2.0 (crosstool-NG 1.28.0.23_185f348)
  configuration: --prefix=/ffbuild/prefix --pkg-config-flags=--static --pkg-config=pkg-config --cross-prefix=x86_64-w64-mingw32- --arch=x86_64 --target-os=mingw32 --enable-gpl --enable-version3 --disable-debug --disable-w32threads --enable-pthreads --enable-iconv --enable-zlib --enable-libxml2 --enable-libvmaf --enable-fontconfig --enable-libharfbuzz --enable-libfreetype --enable-libfribidi --enable-vulkan --enable-libvorbis --disable-libxcb --disable-xlib --disable-libpulse --enable-gmp --enable-lzma --enable-liblcevc-dec --enable-opencl --enable-amf --enable-libaom --enable-libaribb24 --enable-avisynth --enable-chromaprint --enable-libdav1d --enable-libdavs2 --enable-libdvdread --enable-libdvdnav --disable-libfdk-aac --enable-ffnvcodec --enable-cuda-llvm --enable-frei0r --enable-libgme --enable-libkvazaar --enable-libaribcaption --enable-libass --enable-libbluray --enable-libjxl --enable-libmp3lame --enable-libopus --enable-libplacebo --enable-librist --enable-libssh --enable-libtheora --enable-libvpx --enable-libwebp --enable-libzmq --enable-lv2 --enable-libvpl --enable-openal --enable-liboapv --enable-libopencore-amrnb --enable-libopencore-amrwb --enable-libopenh264 --enable-libopenjpeg --enable-libopenmpt --enable-librav1e --enable-librubberband --enable-schannel --enable-sdl2 --enable-libsnappy --enable-libsoxr --enable-libsrt --enable-libsvtav1 --enable-libtwolame --enable-libuavs3d --disable-libdrm --enable-vaapi --enable-libvidstab --enable-libvvenc --disable-whisper --enable-libx264 --enable-libx265 --enable-libxavs2 --enable-libxvid --enable-libzimg --enable-libzvbi --extra-cflags=-DLIBTWOLAME_STATIC --extra-cxxflags= --extra-libs=-lgomp --extra-ldflags=-pthread --extra-ldexeflags= --cc=x86_64-w64-mingw32-gcc --cxx=x86_64-w64-mingw32-g++ --ar=x86_64-w64-mingw32-gcc-ar --ranlib=x86_64-w64-mingw32-gcc-ranlib --nm=x86_64-w64-mingw32-gcc-nm --extra-version=20260907

stderr:   libavutil      61.  7.100 / 61.  7.100
  libavcodec     63. 11.100 / 63. 11.100
  libavformat    63.  6.100 / 63.  6.100
  libavdevice    63.  2.100 / 63.  2.100
  libavfilter    12.  4.100 / 12.  4.100
  libswscale     10.  2.100 / 10.  2.100
  libswresample   7.  3.100 /  7.  3.100

stderr: Input #0, mov,mp4,m4a,3gp,3g2,mj2, from 'D:\youtube\youtube-like-transcoder-main\uploads\96bc0c589783d4aef138557beeccf3e3':
  Metadata:
    major_brand     : mp42
    minor_version   : 0
    compatible_brands: mp41isom
    creation_time   : 2026-09-06T16:14:31.000000Z
  Duration: 00:04:32.23, start: 0.000000, bitrate: 8466 kb/s

stderr:   Stream #0:0[0x1](und): Video: h264 (Main) (avc1 / 0x31637661), yuv420p(progressive), 1916x1032 [SAR 1:1 DAR 479:258], 8272 kb/s, 30 fps, 30 tbr, 30k tbn (default)
    Metadata:
      creation_time   : 2026-09-06T16:14:31.000000Z
      handler_name    : VideoHandler
      encoder         : AVC Coding
  Stream #0:1[0x2](und): Audio: aac (LC) (mp4a / 0x6134706D), 48000 Hz, stereo, fltp, 191 kb/s (default)
    Metadata:
      creation_time   : 2026-09-06T16:14:31.000000Z
      handler_name    : SoundHandler

stderr: Stream mapping:
  Stream #0:0 (h264) -> split:default
  scale:default -> Stream #0:0 (libx264)
  Stream #0:1 -> #0:1 (aac (native) -> aac (native))
stderr: 
  scale:default -> Stream #1:0 (libx264)
  Stream #0:1 -> #1:1 (aac (native) -> aac (native))
  scale:default -> Stream #2:0 (libx264)
  Stream #0:1 -> #2:1 (aac (native) -> aac (native))

stderr: Press [q] to stop, [?] for help

stderr: [libx264 @ 000001b9463f3940] using SAR=3593/3591

stderr: [libx264 @ 000001b9463f3940] using cpu capabilities: MMX2 SSE2Fast SSSE3 SSE4.2 AVX FMA3 BMI2 AVX2

stderr: [libx264 @ 000001b9463f3940] profile High, level 3.0, 4:2:0, 8-bit
[libx264 @ 000001b9463f3940] 264 - core 165 - H.264/MPEG-4 AVC codec - Copyleft 2003-2025 - http://www.videolan.org/x264.html - options: cabac=1 ref=2 deblock=1:0:0 analyse=0x3:0x113 me=hex subme=6 psy=1 psy_rd=1.00:0.00 mixed_ref=1 me_range=16 chroma_me=1 trellis=1 8x8dct=1 cqm=0 deadzone=21,11 fast_pskip=1 chroma_qp_offset=-2 threads=11 lookahead_threads=1 sliced_threads=0 nr=0 decimate=1 interlaced=0 bluray_compat=0 constrained_intra=0 bframes=3 b_pyramid=2 b_adapt=1 b_bias=0 direct=1 weightb=1 open_gop=0 weightp=1 keyint=250 keyint_min=25 scenecut=40 intra_refresh=0 rc_lookahead=30 rc=crf mbtree=1 crf=28.0 qcomp=0.60 qpmin=0 qpmax=69 qpstep=4 ip_ratio=1.40 aq=1:1.00

stderr: Output #0, hls, to 'D:\youtube\youtube-like-transcoder-main\uploads\96bc0c589783d4aef138557beeccf3e3_hls\360p.m3u8':
  Metadata:
    encoder         : Lavf63.6.100
  Stream #0:0: Video: h264, yuv420p(tv, progressive), 668x360 [SAR 7185:7181 DAR 479:258], q=2-31, 30 fps, 90k tbn
    Metadata:
      encoder         : Lavc63.11.100 libx264
    Side data:
      CPB properties: bitrate max/min/avg: 0/0/0 buffer size: 0 vbv_delay: N/A

stderr:   Stream #0:1(und): Audio: aac (LC), 48000 Hz, stereo, fltp, 128 kb/s (default)
    Metadata:
      encoder         : Lavc63.11.100 aac
      creation_time   : 2026-09-06T16:14:31.000000Z
      handler_name    : SoundHandler

stderr: [libx264 @ 000001b944568340] using SAR=3593/3591

stderr: [libx264 @ 000001b944568340] using cpu capabilities: MMX2 SSE2Fast SSSE3 SSE4.2 AVX FMA3 BMI2 AVX2

stderr: [libx264 @ 000001b944568340] profile High, level 3.2, 4:2:0, 8-bit
[libx264 @ 000001b944568340] 264 - core 165 - H.264/MPEG-4 AVC codec - Copyleft 2003-2025 - http://www.videolan.org/x264.html - options: cabac=1 ref=2 deblock=1:0:0 analyse=0x3:0x113 me=hex subme=6 psy=1 psy_rd=1.00:0.00 mixed_ref=1 me_range=16 chroma_me=1 trellis=1 8x8dct=1 cqm=0 deadzone=21,11 fast_pskip=1 chroma_qp_offset=-2 threads=22 lookahead_threads=3 sliced_threads=0 nr=0 decimate=1 interlaced=0 bluray_compat=0 constrained_intra=0 bframes=3 b_pyramid=2 b_adapt=1 b_bias=0 direct=1 weightb=1 open_gop=0 weightp=1 keyint=250 keyint_min=25 scenecut=40 intra_refresh=0 rc_lookahead=30 rc=crf mbtree=1 crf=23.0 qcomp=0.60 qpmin=0 qpmax=69 qpstep=4 ip_ratio=1.40 aq=1:1.00

stderr: Output #1, hls, to 'D:\youtube\youtube-like-transcoder-main\uploads\96bc0c589783d4aef138557beeccf3e3_hls\720p.m3u8':
  Metadata:
    encoder         : Lavf63.6.100
  Stream #1:0: Video: h264, yuv420p(tv, progressive), 1336x720 [SAR 7185:7181 DAR 479:258], q=2-31, 30 fps, 90k tbn
    Metadata:
      encoder         : Lavc63.11.100 libx264
    Side data:
      CPB properties: bitrate max/min/avg: 0/0/0 buffer size: 0 vbv_delay: N/A
  Stream #1:1(und): Audio: aac (LC), 48000 Hz, stereo, fltp, 128 kb/s (default)
    Metadata:
      encoder         : Lavc63.11.100 aac
      creation_time   : 2026-09-06T16:14:31.000000Z
      handler_name    : SoundHandler

stderr: [libx264 @ 000001b944570340] using SAR=2269/2270

stderr: [libx264 @ 000001b944570340] using cpu capabilities: MMX2 SSE2Fast SSSE3 SSE4.2 AVX FMA3 BMI2 AVX2

stderr: [libx264 @ 000001b944570340] profile High, level 4.2, 4:2:0, 8-bit
[libx264 @ 000001b944570340] 264 - core 165 - H.264/MPEG-4 AVC codec - Copyleft 2003-2025 - http://www.videolan.org/x264.html - options: cabac=1 ref=2 deblock=1:0:0 analyse=0x3:0x113 me=hex subme=6 psy=1 psy_rd=1.00:0.00 mixed_ref=1 me_range=16 chroma_me=1 trellis=1 8x8dct=1 cqm=0 deadzone=21,11 fast_pskip=1 chroma_qp_offset=-2 threads=24 lookahead_threads=4 sliced_threads=0 nr=0 decimate=1 interlaced=0 bluray_compat=0 constrained_intra=0 bframes=3 b_pyramid=2 b_adapt=1 b_bias=0 direct=1 weightb=1 open_gop=0 weightp=1 keyint=250 keyint_min=25 scenecut=40 intra_refresh=0 rc_lookahead=30 rc=crf mbtree=1 crf=20.0 qcomp=0.60 qpmin=0 qpmax=69 qpstep=4 ip_ratio=1.40 aq=1:1.00

stderr: Output #2, hls, to 'D:\youtube\youtube-like-transcoder-main\uploads\96bc0c589783d4aef138557beeccf3e3_hls\1080p.m3u8':
  Metadata:
    encoder         : Lavf63.6.100
  Stream #2:0: Video: h264, yuv420p(tv, progressive), 2006x1080 [SAR 43110:43129 DAR 479:258], q=2-31, 30 fps, 90k tbn
    Metadata:
      encoder         : Lavc63.11.100 libx264
    Side data:
      CPB properties: bitrate max/min/avg: 0/0/0 buffer size: 0 vbv_delay: N/A
  Stream #2:1(und): Audio: aac (LC), 48000 Hz, stereo, fltp, 128 kb/s (default)
    Metadata:
      encoder         : Lavc63.11.100 aac
      creation_time   : 2026-09-06T16:14:31.000000Z
      handler_name    : SoundHandler

stderr: frame=   19 fps=0.0 q=34.0 q=29.0 q=26.0 size=N/A time=00:00:02.98 bitrate=N/A speed=5.81x elapsed=0:00:00.51    
stderr: frame=  109 fps=105 q=34.0 q=29.0 q=26.0 size=N/A time=00:00:05.97 bitrate=N/A speed=5.78x elapsed=0:00:01.03    
stderr: frame=  199 fps=128 q=34.0 q=29.0 q=26.0 size=N/A time=00:00:08.98 bitrate=N/A speed=5.77x elapsed=0:00:01.55    
stderr: [hls @ 000001b946a6e040] Opening 'D:\youtube\youtube-like-transcoder-main\uploads\96bc0c589783d4aef138557beeccf3e3_hls\360p_000.ts' for writing

stderr: [hls @ 000001b946c7ed40] Opening 'D:\youtube\youtube-like-transcoder-main\uploads\96bc0c589783d4aef138557beeccf3e3_hls\720p_000.ts' for writing

stderr: [hls @ 000001b94456d380] Opening 'D:\youtube\youtube-like-transcoder-main\uploads\96bc0c589783d4aef138557beeccf3e3_hls\1080p_000.ts' for writing

stderr: frame=  290 fps=140 q=34.0 q=29.0 q=26.0 size=N/A time=00:00:11.98 bitrate=N/A speed=5.78x elapsed=0:00:02.07    
stderr: frame=  385 fps=149 q=34.0 q=29.0 q=26.0 size=N/A time=00:00:14.97 bitrate=N/A speed=5.78x elapsed=0:00:02.59    
stderr: frame=  449 fps=145 q=34.0 q=29.0 q=26.0 size=N/A time=00:00:17.08 bitrate=N/A speed= 5.5x elapsed=0:00:03.10    
stderr: frame=  469 fps=129 q=34.0 q=29.0 q=26.0 size=N/A time=00:00:17.98 bitrate=N/A speed=4.96x elapsed=0:00:03.62    
stderr: frame=  491 fps=118 q=31.0 q=29.0 q=26.0 size=N/A time=00:00:18.58 bitrate=N/A speed=4.47x elapsed=0:00:04.15    
stderr: [hls @ 000001b946a6e040] Opening 'D:\youtube\youtube-like-transcoder-main\uploads\96bc0c589783d4aef138557beeccf3e3_hls\360p_001.ts' for writing

stderr: frame=  510 fps=109 q=34.0 q=29.0 q=26.0 size=N/A time=00:00:19.15 bitrate=N/A speed= 4.1x elapsed=0:00:04.66    
stderr: [hls @ 000001b946c7ed40] Opening 'D:\youtube\youtube-like-transcoder-main\uploads\96bc0c589783d4aef138557beeccf3e3_hls\720p_001.ts' for writing

stderr: [hls @ 000001b94456d380] Opening 'D:\youtube\youtube-like-transcoder-main\uploads\96bc0c589783d4aef138557beeccf3e3_hls\1080p_001.ts' for writing

stderr: frame=  532 fps=103 q=34.0 q=29.0 q=26.0 size=N/A time=00:00:20.07 bitrate=N/A speed=3.87x elapsed=0:00:05.18    
stderr: frame=  554 fps= 97 q=34.0 q=29.0 q=26.0 size=N/A time=00:00:20.67 bitrate=N/A speed=3.63x elapsed=0:00:05.69    
stderr: frame=  573 fps= 92 q=34.0 q=29.0 q=26.0 size=N/A time=00:00:21.26 bitrate=N/A speed=3.42x elapsed=0:00:06.21    
stderr: frame=  595 fps= 88 q=34.0 q=29.0 q=26.0 size=N/A time=00:00:22.18 bitrate=N/A speed= 3.3x elapsed=0:00:06.73    
stderr: frame=  616 fps= 85 q=34.0 q=29.0 q=26.0 size=N/A time=00:00:22.78 bitrate=N/A speed=3.14x elapsed=0:00:07.24    
stderr: frame=  637 fps= 82 q=34.0 q=29.0 q=26.0 size=N/A time=00:00:23.38 bitrate=N/A speed=3.01x elapsed=0:00:07.76    
stderr: frame=  659 fps= 80 q=34.0 q=29.0 q=26.0 size=N/A time=00:00:24.27 bitrate=N/A speed=2.93x elapsed=0:00:08.28    
stderr: frame=  678 fps= 77 q=34.0 q=29.0 q=26.0 size=N/A time=00:00:24.87 bitrate=N/A speed=2.83x elapsed=0:00:08.79    
stderr: frame=  701 fps= 75 q=34.0 q=29.0 q=26.0 size=N/A time=00:00:25.47 bitrate=N/A speed=2.74x elapsed=0:00:09.31    
stderr: frame=  722 fps= 73 q=34.0 q=29.0 q=26.0 size=N/A time=00:00:26.38 bitrate=N/A speed=2.68x elapsed=0:00:09.84    
stderr: frame=  743 fps= 72 q=34.0 q=29.0 q=26.0 size=N/A time=00:00:26.98 bitrate=N/A speed=2.61x elapsed=0:00:10.34    
stderr: [hls @ 000001b946a6e040] Opening 'D:\youtube\youtube-like-transcoder-main\uploads\96bc0c589783d4aef138557beeccf3e3_hls\360p_002.ts' for writing

stderr: [hls @ 000001b946c7ed40] Opening 'D:\youtube\youtube-like-transcoder-main\uploads\96bc0c589783d4aef138557beeccf3e3_hls\720p_002.ts' for writing

stderr: frame=  764 fps= 70 q=34.0 q=29.0 q=26.0 size=N/A time=00:00:27.58 bitrate=N/A speed=2.54x elapsed=0:00:10.86    
stderr: [hls @ 000001b94456d380] Opening 'D:\youtube\youtube-like-transcoder-main\uploads\96bc0c589783d4aef138557beeccf3e3_hls\1080p_002.ts' for writing

stderr: frame=  782 fps= 69 q=34.0 q=29.0 q=26.0 size=N/A time=00:00:28.18 bitrate=N/A speed=2.48x elapsed=0:00:11.37    
stderr: frame=  805 fps= 68 q=34.0 q=29.0 q=26.0 size=N/A time=00:00:29.07 bitrate=N/A speed=2.44x elapsed=0:00:11.90    
stderr: frame=  826 fps= 66 q=34.0 q=29.0 q=26.0 size=N/A time=00:00:29.67 bitrate=N/A speed=2.39x elapsed=0:00:12.42    
stderr: frame=  847 fps= 65 q=34.0 q=29.0 q=26.0 size=N/A time=00:00:30.57 bitrate=N/A speed=2.36x elapsed=0:00:12.95    
stderr: frame=  869 fps= 65 q=34.0 q=29.0 q=26.0 size=N/A time=00:00:31.18 bitrate=N/A speed=2.32x elapsed=0:00:13.46    
stderr: frame=  887 fps= 63 q=34.0 q=29.0 q=26.0 size=N/A time=00:00:31.78 bitrate=N/A speed=2.27x elapsed=0:00:13.97    
stderr: frame=  908 fps= 63 q=34.0 q=29.0 q=26.0 size=N/A time=00:00:32.38 bitrate=N/A speed=2.23x elapsed=0:00:14.49    
stderr: frame=  929 fps= 62 q=34.0 q=29.0 q=26.0 size=N/A time=00:00:33.28 bitrate=N/A speed=2.22x elapsed=0:00:15.01    
stderr: frame=  948 fps= 61 q=34.0 q=29.0 q=26.0 size=N/A time=00:00:33.87 bitrate=N/A speed=2.18x elapsed=0:00:15.53    
stderr: frame=  970 fps= 60 q=34.0 q=29.0 q=26.0 size=N/A time=00:00:34.47 bitrate=N/A speed=2.15x elapsed=0:00:16.05    
stderr: frame=  988 fps= 60 q=34.0 q=29.0 q=26.0 size=N/A time=00:00:35.07 bitrate=N/A speed=2.12x elapsed=0:00:16.57    
stderr: [hls @ 000001b946a6e040]
stderr:  Opening 'D:\youtube\youtube-like-transcoder-main\uploads\96bc0c589783d4aef138557beeccf3e3_hls\360p_003.ts' for writing

stderr: frame= 1009 fps= 59 q=34.0 q=29.0 q=26.0 size=N/A time=00:00:35.98 bitrate=N/A speed=2.11x elapsed=0:00:17.09    
stderr: [hls @ 000001b946c7ed40] Opening 'D:\youtube\youtube-like-transcoder-main\uploads\96bc0c589783d4aef138557beeccf3e3_hls\720p_003.ts' for writing

stderr: [hls @ 000001b94456d380] Opening 'D:\youtube\youtube-like-transcoder-main\uploads\96bc0c589783d4aef138557beeccf3e3_hls\1080p_003.ts' for writing

stderr: frame= 1030 fps= 58 q=34.0 q=29.0 q=26.0 size=N/A time=00:00:36.58 bitrate=N/A speed=2.08x elapsed=0:00:17.61    
stderr: frame= 1050 fps= 58 q=34.0 q=29.0 q=26.0 size=N/A time=00:00:37.18 bitrate=N/A speed=2.05x elapsed=0:00:18.13    
stderr: frame= 1072 fps= 57 q=34.0 q=29.0 q=26.0 size=N/A time=00:00:38.08 bitrate=N/A speed=2.04x elapsed=0:00:18.65    
stderr: frame= 1090 fps= 57 q=34.0 q=29.0 q=26.0 size=N/A time=00:00:38.67 bitrate=N/A speed=2.02x elapsed=0:00:19.17    
stderr: frame= 1113 fps= 57 q=34.0 q=29.0 q=26.0 size=N/A time=00:00:39.27 bitrate=N/A speed=1.99x elapsed=0:00:19.69    
stderr: frame= 1134 fps= 56 q=34.0 q=29.0 q=26.0 size=N/A time=00:00:40.17 bitrate=N/A speed=1.99x elapsed=0:00:20.21    
stderr: frame= 1154 fps= 56 q=34.0 q=29.0 q=26.0 size=N/A time=00:00:40.78 bitrate=N/A speed=1.97x elapsed=0:00:20.72    
stderr: frame= 1174 fps= 55 q=34.0 q=29.0 q=26.0 size=N/A time=00:00:41.38 bitrate=N/A speed=1.95x elapsed=0:00:21.24    
stderr: frame= 1194 fps= 55 q=34.0 q=29.0 q=26.0 size=N/A time=00:00:41.98 bitrate=N/A speed=1.93x elapsed=0:00:21.76    
stderr: frame= 1215 fps= 55 q=34.0 q=29.0 q=26.0 size=N/A time=00:00:42.88 bitrate=N/A speed=1.92x elapsed=0:00:22.28    
stderr: frame= 1236 fps= 54 q=34.0 q=29.0 q=26.0 size=N/A time=00:00:43.47 bitrate=N/A speed=1.91x elapsed=0:00:22.80    
stderr: [hls @ 000001b946a6e040] Opening 'D:\youtube\youtube-like-transcoder-main\uploads\96bc0c589783d4aef138557beeccf3e3_hls\360p_004.ts' for writing

stderr: frame= 1255 fps= 54 q=34.0 q=29.0 q=26.0 size=N/A time=00:00:44.07 bitrate=N/A speed=1.89x elapsed=0:00:23.32    
stderr: [hls @ 000001b946c7ed40] Opening 'D:\youtube\youtube-like-transcoder-main\uploads\96bc0c589783d4aef138557beeccf3e3_hls\720p_004.ts' for writing

stderr: [hls @ 000001b94456d380]
stderr:  
stderr: Opening 'D:\youtube\youtube-like-transcoder-main\uploads\96bc0c589783d4aef138557beeccf3e3_hls\1080p_004.ts' for writing

stderr: frame= 1277 fps= 54 q=34.0 q=29.0 q=26.0 size=N/A time=00:00:44.67 bitrate=N/A speed=1.87x elapsed=0:00:23.84    
stderr: frame= 1296 fps= 53 q=34.0 q=29.0 q=26.0 size=N/A time=00:00:45.58 bitrate=N/A speed=1.87x elapsed=0:00:24.36    
stderr: frame= 1318 fps= 53 q=34.0 q=29.0 q=26.0 size=N/A time=00:00:46.18 bitrate=N/A speed=1.86x elapsed=0:00:24.88    
stderr: frame= 1339 fps= 53 q=34.0 q=29.0 q=26.0 size=N/A time=00:00:46.78 bitrate=N/A speed=1.84x elapsed=0:00:25.39    
stderr: frame= 1359 fps= 52 q=34.0 q=29.0 q=26.0 size=N/A time=00:00:47.68 bitrate=N/A speed=1.84x elapsed=0:00:25.91    
stderr: frame= 1381 fps= 52 q=34.0 q=29.0 q=26.0 size=N/A time=00:00:48.27 bitrate=N/A speed=1.83x elapsed=0:00:26.43    
stderr: frame= 1401 fps= 52 q=34.0 q=29.0 q=26.0 size=N/A time=00:00:48.87 bitrate=N/A speed=1.81x elapsed=0:00:26.94    
stderr: frame= 1420 fps= 52 q=34.0 q=29.0 q=26.0 size=N/A time=00:00:49.47 bitrate=N/A speed= 1.8x elapsed=0:00:27.46    
stderr: frame= 1441 fps= 51 q=34.0 q=29.0 q=26.0 size=N/A time=00:00:50.38 bitrate=N/A speed= 1.8x elapsed=0:00:27.98    
stderr: frame= 1458 fps= 51 q=34.0 q=29.0 q=26.0 size=N/A time=00:00:50.98 bitrate=N/A speed=1.79x elapsed=0:00:28.49    
stderr: frame= 1479 fps= 51 q=34.0 q=29.0 q=26.0 size=N/A time=00:00:51.58 bitrate=N/A speed=1.78x elapsed=0:00:29.00    
stderr: frame= 1499 fps= 51 q=34.0 q=29.0 q=26.0 size=N/A time=00:00:52.18 bitrate=N/A speed=1.77x elapsed=0:00:29.51    
stderr: [hls @ 000001b946a6e040] Opening 'D:\youtube\youtube-like-transcoder-main\uploads\96bc0c589783d4aef138557beeccf3e3_hls\360p_005.ts' for writing

stderr: [hls @ 000001b946c7ed40] Opening 'D:\youtube\youtube-like-transcoder-main\uploads\96bc0c589783d4aef138557beeccf3e3_hls\720p_005.ts' for writing

stderr: [hls @ 000001b94456d380] Opening 'D:\youtube\youtube-like-transcoder-main\uploads\96bc0c589783d4aef138557beeccf3e3_hls\1080p_005.ts' for writing

stderr: frame= 1520 fps= 51 q=34.0 q=29.0 q=26.0 size=N/A time=00:00:52.75 bitrate=N/A speed=1.76x elapsed=0:00:30.04    
stderr: frame= 1541 fps= 50 q=34.0 q=29.0 q=26.0 size=N/A time=00:00:53.67 bitrate=N/A speed=1.76x elapsed=0:00:30.57    
stderr: frame= 1559 fps= 50 q=34.0 q=29.0 q=26.0 size=N/A time=00:00:54.27 bitrate=N/A speed=1.75x elapsed=0:00:31.08    
stderr: frame= 1581 fps= 50 q=34.0 q=29.0 q=26.0 size=N/A time=00:00:54.86 bitrate=N/A speed=1.74x elapsed=0:00:31.60    
stderr: frame= 1599 fps= 50 q=34.0 q=29.0 q=26.0 size=N/A time=00:00:55.48 bitrate=N/A speed=1.73x elapsed=0:00:32.12    
stderr: frame= 1621 fps= 50 q=34.0 q=29.0 q=26.0 size=N/A time=00:00:56.38 bitrate=N/A speed=1.73x elapsed=0:00:32.64    
stderr: frame= 1643 fps= 50 q=34.0 q=29.0 q=26.0 size=N/A time=00:00:56.98 bitrate=N/A speed=1.72x elapsed=0:00:33.16    
stderr: frame= 1663 fps= 49 q=34.0 q=29.0 q=26.0 size=N/A time=00:00:57.55 bitrate=N/A speed=1.71x elapsed=0:00:33.69    
stderr: frame= 1685 fps= 49 q=34.0 q=29.0 q=26.0 size=N/A time=00:00:58.47 bitrate=N/A speed=1.71x elapsed=0:00:34.21    
stderr: frame= 1705 fps= 49 q=34.0 q=29.0 q=26.0 size=N/A time=00:00:59.07 bitrate=N/A speed= 1.7x elapsed=0:00:34.72    
stderr: frame= 1726 fps= 49 q=34.0 q=29.0 q=26.0 size=N/A time=00:00:59.66 bitrate=N/A speed=1.69x elapsed=0:00:35.24    
stderr: frame= 1748 fps= 49 q=34.0 q=29.0 q=26.0 size=N/A time=00:01:00.58 bitrate=N/A speed=1.69x elapsed=0:00:35.76    
stderr: [hls @ 000001b946a6e040] Opening 'D:\youtube\youtube-like-transcoder-main\uploads\96bc0c589783d4aef138557beeccf3e3_hls\360p_006.ts' for writing

stderr: [hls @ 000001b946c7ed40] Opening 'D:\youtube\youtube-like-transcoder-main\uploads\96bc0c589783d4aef138557beeccf3e3_hls\720p_006.ts' for writing

stderr: [hls @ 000001b94456d380] Opening 'D:\youtube\youtube-like-transcoder-main\uploads\96bc0c589783d4aef138557beeccf3e3_hls\1080p_006.ts' for writing

stderr: frame= 1767 fps= 49 q=34.0 q=29.0 q=26.0 size=N/A time=00:01:01.18 bitrate=N/A speed=1.69x elapsed=0:00:36.28    
stderr: frame= 1790 fps= 49 q=34.0 q=29.0 q=26.0 size=N/A time=00:01:01.78 bitrate=N/A speed=1.68x elapsed=0:00:36.81    
stderr: frame= 1810 fps= 48 q=34.0 q=29.0 q=26.0 size=N/A time=00:01:02.67 bitrate=N/A speed=1.68x elapsed=0:00:37.33    
stderr: frame= 1832 fps= 48 q=34.0 q=29.0 q=26.0 size=N/A time=00:01:03.27 bitrate=N/A speed=1.67x elapsed=0:00:37.85    
stderr: frame= 1854 fps= 48 q=34.0 q=29.0 q=26.0 size=N/A time=00:01:04.17 bitrate=N/A speed=1.67x elapsed=0:00:38.37    
stderr: frame= 1874 fps= 48 q=34.0 q=29.0 q=26.0 size=N/A time=00:01:04.78 bitrate=N/A speed=1.67x elapsed=0:00:38.89    
stderr: frame= 1896 fps= 48 q=34.0 q=29.0 q=26.0 size=N/A time=00:01:05.38 bitrate=N/A speed=1.66x elapsed=0:00:39.41    
stderr: frame= 1917 fps= 48 q=34.0 q=29.0 q=26.0 size=N/A time=00:01:06.28 bitrate=N/A speed=1.66x elapsed=0:00:39.93    
stderr: frame= 1939 fps= 48 q=34.0 q=29.0 q=26.0 size=N/A time=00:01:06.88 bitrate=N/A speed=1.65x elapsed=0:00:40.46    
stderr: frame= 1962 fps= 48 q=34.0 q=29.0 q=26.0 size=N/A time=00:01:07.77 bitrate=N/A speed=1.65x elapsed=0:00:40.98    
stderr: frame= 1981 fps= 48 q=34.0 q=29.0 q=26.0 size=N/A time=00:01:08.37 bitrate=N/A speed=1.65x elapsed=0:00:41.50    
stderr: [hls @ 000001b946a6e040] Opening 'D:\youtube\youtube-like-transcoder-main\uploads\96bc0c589783d4aef138557beeccf3e3_hls\360p_007.ts' for writing

stderr: frame= 2002 fps= 48 q=34.0 q=29.0 q=26.0 size=N/A time=00:01:08.97 bitrate=N/A speed=1.64x elapsed=0:00:42.02    
stderr: [hls @ 000001b946c7ed40]
stderr:  
stderr: Opening 'D:\youtube\youtube-like-transcoder-main\uploads\96bc0c589783d4aef138557beeccf3e3_hls\720p_007.ts' for writing

stderr: [hls @ 000001b94456d380] Opening 'D:\youtube\youtube-like-transcoder-main\uploads\96bc0c589783d4aef138557beeccf3e3_hls\1080p_007.ts' for writing

stderr: frame= 2021 fps= 48 q=34.0 q=29.0 q=26.0 size=N/A time=00:01:09.58 bitrate=N/A speed=1.64x elapsed=0:00:42.54    
stderr: frame= 2044 fps= 47 q=34.0 q=29.0 q=26.0 size=N/A time=00:01:10.48 bitrate=N/A speed=1.64x elapsed=0:00:43.06    
stderr: frame= 2066 fps= 47 q=34.0 q=29.0 q=26.0 size=N/A time=00:01:11.08 bitrate=N/A speed=1.63x elapsed=0:00:43.58    
stderr: frame= 2085 fps= 47 q=34.0 q=29.0 q=26.0 size=N/A time=00:01:11.68 bitrate=N/A speed=1.63x elapsed=0:00:44.10    
stderr: frame= 2107 fps= 47 q=34.0 q=29.0 q=26.0 size=N/A time=00:01:12.57 bitrate=N/A speed=1.63x elapsed=0:00:44.61    
stderr: frame= 2128 fps= 47 q=34.0 q=29.0 q=26.0 size=N/A time=00:01:13.17 bitrate=N/A speed=1.62x elapsed=0:00:45.14    
stderr: frame= 2150 fps= 47 q=34.0 q=29.0 q=26.0 size=N/A time=00:01:13.77 bitrate=N/A speed=1.62x elapsed=0:00:45.66    
stderr: frame= 2172 fps= 47 q=34.0 q=29.0 q=26.0 size=N/A time=00:01:14.68 bitrate=N/A speed=1.62x elapsed=0:00:46.19    
stderr: frame= 2193 fps= 47 q=34.0 q=29.0 q=26.0 size=N/A time=00:01:15.28 bitrate=N/A speed=1.61x elapsed=0:00:46.71    
stderr: frame= 2215 fps= 47 q=34.0 q=29.0 q=26.0 size=N/A time=00:01:16.18 bitrate=N/A speed=1.61x elapsed=0:00:47.22    
stderr: frame= 2234 fps= 47 q=34.0 q=29.0 q=26.0 size=N/A time=00:01:16.75 bitrate=N/A speed=1.61x elapsed=0:00:47.75    
stderr: [hls @ 000001b946a6e040] Opening 'D:\youtube\youtube-like-transcoder-main\uploads\96bc0c589783d4aef138557beeccf3e3_hls\360p_008.ts' for writing

stderr: frame= 2254 fps= 47 q=34.0 q=29.0 q=26.0 size=N/A time=00:01:17.37 bitrate=N/A speed= 1.6x elapsed=0:00:48.26    
stderr: [hls @ 000001b946c7ed40]
stderr:  
stderr: Opening 'D:\youtube\youtube-like-transcoder-main\uploads\96bc0c589783d4aef138557beeccf3e3_hls\720p_008.ts' for writing

stderr: [hls @ 000001b94456d380] Opening 'D:\youtube\youtube-like-transcoder-main\uploads\96bc0c589783d4aef138557beeccf3e3_hls\1080p_008.ts' for writing

stderr: frame= 2276 fps= 47 q=34.0 q=29.0 q=26.0 size=N/A time=00:01:17.97 bitrate=N/A speed= 1.6x elapsed=0:00:48.78    
stderr: frame= 2296 fps= 47 q=34.0 q=29.0 q=26.0 size=N/A time=00:01:18.86 bitrate=N/A speed= 1.6x elapsed=0:00:49.31    
stderr: frame= 2319 fps= 47 q=34.0 q=29.0 q=26.0 size=N/A time=00:01:19.48 bitrate=N/A speed= 1.6x elapsed=0:00:49.83    
stderr: frame= 2339 fps= 46 q=34.0 q=29.0 q=26.0 size=N/A time=00:01:20.08 bitrate=N/A speed=1.59x elapsed=0:00:50.36    
stderr: frame= 2361 fps= 46 q=34.0 q=29.0 q=26.0 size=N/A time=00:01:20.98 bitrate=N/A speed=1.59x elapsed=0:00:50.88    
stderr: frame= 2382 fps= 46 q=34.0 q=29.0 q=26.0 size=N/A time=00:01:21.55 bitrate=N/A speed=1.59x elapsed=0:00:51.39    
stderr: frame= 2402 fps= 46 q=34.0 q=29.0 q=26.0 size=N/A time=00:01:22.17 bitrate=N/A speed=1.58x elapsed=0:00:51.92    
stderr: frame= 2424 fps= 46 q=34.0 q=29.0 q=26.0 size=N/A time=00:01:23.07 bitrate=N/A speed=1.58x elapsed=0:00:52.44    
stderr: frame= 2443 fps= 46 q=34.0 q=29.0 q=26.0 size=N/A time=00:01:23.66 bitrate=N/A speed=1.58x elapsed=0:00:52.95    
stderr: frame= 2465 fps= 46 q=34.0 q=29.0 q=26.0 size=N/A time=00:01:24.28 bitrate=N/A speed=1.58x elapsed=0:00:53.48    
stderr: frame= 2486 fps= 46 q=34.0 q=29.0 q=26.0 size=N/A time=00:01:25.18 bitrate=N/A speed=1.58x elapsed=0:00:53.99    
stderr: [hls @ 000001b946a6e040]
stderr:  Opening 'D:\youtube\youtube-like-transcoder-main\uploads\96bc0c589783d4aef138557beeccf3e3_hls\360p_009.ts' for writing

stderr: frame= 2505 fps= 46 q=34.0 q=29.0 q=26.0 size=N/A time=00:01:25.78 bitrate=N/A speed=1.57x elapsed=0:00:54.51    
stderr: [hls @ 000001b946c7ed40] Opening 'D:\youtube\youtube-like-transcoder-main\uploads\96bc0c589783d4aef138557beeccf3e3_hls\720p_009.ts' for writing

stderr: [hls @ 000001b94456d380] Opening 'D:\youtube\youtube-like-transcoder-main\uploads\96bc0c589783d4aef138557beeccf3e3_hls\1080p_009.ts' for writing

stderr: frame= 2527 fps= 46 q=34.0 q=29.0 q=26.0 size=N/A time=00:01:26.35 bitrate=N/A speed=1.57x elapsed=0:00:55.02    
stderr: frame= 2547 fps= 46 q=34.0 q=29.0 q=26.0 size=N/A time=00:01:26.97 bitrate=N/A speed=1.57x elapsed=0:00:55.54    
stderr: frame= 2569 fps= 46 q=34.0 q=29.0 q=26.0 size=N/A time=00:01:27.87 bitrate=N/A speed=1.57x elapsed=0:00:56.07    
stderr: frame= 2591 fps= 46 q=34.0 q=29.0 q=26.0 size=N/A time=00:01:28.46 bitrate=N/A speed=1.56x elapsed=0:00:56.61    
stderr: frame= 2609 fps= 46 q=34.0 q=29.0 q=26.0 size=N/A time=00:01:29.08 bitrate=N/A speed=1.56x elapsed=0:00:57.13    
stderr: frame= 2631 fps= 46 q=34.0 q=29.0 q=26.0 size=N/A time=00:01:29.98 bitrate=N/A speed=1.56x elapsed=0:00:57.65    
stderr: frame= 2652 fps= 46 q=34.0 q=29.0 q=26.0 size=N/A time=00:01:30.58 bitrate=N/A speed=1.56x elapsed=0:00:58.19    
stderr: frame= 2670 fps= 45 q=34.0 q=29.0 q=26.0 size=N/A time=00:01:31.15 bitrate=N/A speed=1.55x elapsed=0:00:58.70    
stderr: frame= 2692 fps= 45 q=34.0 q=29.0 q=26.0 size=N/A time=00:01:32.07 bitrate=N/A speed=1.55x elapsed=0:00:59.23    
stderr: frame= 2710 fps= 45 q=34.0 q=29.0 q=26.0 size=N/A time=00:01:32.67 bitrate=N/A speed=1.55x elapsed=0:00:59.74    
stderr: frame= 2732 fps= 45 q=34.0 q=29.0 q=26.0 size=N/A time=00:01:33.26 bitrate=N/A speed=1.55x elapsed=0:01:00.27    
stderr: [hls @ 000001b946a6e040] Opening 'D:\youtube\youtube-like-transcoder-main\uploads\96bc0c589783d4aef138557beeccf3e3_hls\360p_010.ts' for writing

stderr: frame= 2751 fps= 45 q=34.0 q=29.0 q=26.0 size=N/A time=00:01:33.88 bitrate=N/A speed=1.54x elapsed=0:01:00.80    
stderr: [hls @ 000001b946c7ed40] Opening 'D:\youtube\youtube-like-transcoder-main\uploads\96bc0c589783d4aef138557beeccf3e3_hls\720p_010.ts' for writing

stderr: [hls @ 000001b94456d380] Opening 'D:\youtube\youtube-like-transcoder-main\uploads\96bc0c589783d4aef138557beeccf3e3_hls\1080p_010.ts' for writing

stderr: frame= 2771 fps= 45 q=34.0 q=29.0 q=26.0 size=N/A time=00:01:34.48 bitrate=N/A speed=1.54x elapsed=0:01:01.32    
stderr: frame= 2793 fps= 45 q=34.0 q=29.0 q=26.0 size=N/A time=00:01:35.38 bitrate=N/A speed=1.54x elapsed=0:01:01.83    
stderr: frame= 2813 fps= 45 q=34.0 q=29.0 q=26.0 size=N/A time=00:01:35.95 bitrate=N/A speed=1.54x elapsed=0:01:02.35    
stderr: frame= 2835 fps= 45 q=34.0 q=29.0 q=26.0 size=N/A time=00:01:36.87 bitrate=N/A speed=1.54x elapsed=0:01:02.87    
stderr: frame= 2855 fps= 45 q=34.0 q=29.0 q=26.0 size=N/A time=00:01:37.47 bitrate=N/A speed=1.54x elapsed=0:01:03.38    
stderr: frame= 2875 fps= 45 q=34.0 q=29.0 q=26.0 size=N/A time=00:01:38.06 bitrate=N/A speed=1.53x elapsed=0:01:03.89    
stderr: frame= 2897 fps= 45 q=34.0 q=29.0 q=26.0 size=N/A time=00:01:38.68 bitrate=N/A speed=1.53x elapsed=0:01:04.42    
stderr: frame= 2916 fps= 45 q=34.0 q=29.0 q=26.0 size=N/A time=00:01:39.58 bitrate=N/A speed=1.53x elapsed=0:01:04.94    
stderr: frame= 2938 fps= 45 q=34.0 q=29.0 q=26.0 size=N/A time=00:01:40.18 bitrate=N/A speed=1.53x elapsed=0:01:05.46    
stderr: [hls @ 000001b946a6e040] Opening 'D:\youtube\youtube-like-transcoder-main\uploads\96bc0c589783d4aef138557beeccf3e3_hls\360p_011.ts' for writing

stderr: frame= 2957 fps= 45 q=34.0 q=29.0 q=26.0 size=N/A time=00:01:40.75 bitrate=N/A speed=1.53x elapsed=0:01:05.98    
stderr: [hls @ 000001b946c7ed40] Opening 'D:\youtube\youtube-like-transcoder-main\uploads\96bc0c589783d4aef138557beeccf3e3_hls\720p_011.ts' for writing

stderr: [hls @ 000001b94456d380]
stderr:  
stderr: Opening 'D:\youtube\youtube-like-transcoder-main\uploads\96bc0c589783d4aef138557beeccf3e3_hls\1080p_011.ts' for writing

stderr: frame= 2975 fps= 45 q=34.0 q=29.0 q=26.0 size=N/A time=00:01:41.37 bitrate=N/A speed=1.52x elapsed=0:01:06.50    
stderr: frame= 2996 fps= 45 q=34.0 q=29.0 q=26.0 size=N/A time=00:01:41.97 bitrate=N/A speed=1.52x elapsed=0:01:07.02    
stderr: frame= 3013 fps= 45 q=34.0 q=29.0 q=26.0 size=N/A time=00:01:42.57 bitrate=N/A speed=1.52x elapsed=0:01:07.53    
stderr: frame= 3036 fps= 45 q=34.0 q=29.0 q=26.0 size=N/A time=00:01:43.48 bitrate=N/A speed=1.52x elapsed=0:01:08.06    
stderr: frame= 3057 fps= 45 q=34.0 q=29.0 q=26.0 size=N/A time=00:01:44.08 bitrate=N/A speed=1.52x elapsed=0:01:08.59    
stderr: frame= 3075 fps= 44 q=34.0 q=29.0 q=26.0 size=N/A time=00:01:44.68 bitrate=N/A speed=1.51x elapsed=0:01:09.11    
stderr: frame= 3098 fps= 44 q=34.0 q=29.0 q=26.0 size=N/A time=00:01:45.55 bitrate=N/A speed=1.52x elapsed=0:01:09.64    
stderr: frame= 3116 fps= 44 q=34.0 q=29.0 q=26.0 size=N/A time=00:01:46.17 bitrate=N/A speed=1.51x elapsed=0:01:10.16    
stderr: frame= 3138 fps= 44 q=34.0 q=29.0 q=26.0 size=N/A time=00:01:46.77 bitrate=N/A speed=1.51x elapsed=0:01:10.67    
stderr: frame= 3159 fps= 44 q=34.0 q=29.0 q=26.0 size=N/A time=00:01:47.66 bitrate=N/A speed=1.51x elapsed=0:01:11.19    
stderr: frame= 3177 fps= 44 q=34.0 q=29.0 q=26.0 size=N/A time=00:01:48.28 bitrate=N/A speed=1.51x elapsed=0:01:11.71    
stderr: frame= 3197 fps= 44 q=34.0 q=29.0 q=26.0 size=N/A time=00:01:48.88 bitrate=N/A speed=1.51x elapsed=0:01:12.23    
stderr: [hls @ 000001b946a6e040] Opening 'D:\youtube\youtube-like-transcoder-main\uploads\96bc0c589783d4aef138557beeccf3e3_hls\360p_012.ts' for writing

stderr: frame= 3215 fps= 44 q=34.0 q=29.0 q=26.0 size=N/A time=00:01:49.48 bitrate=N/A speed= 1.5x elapsed=0:01:12.75    
stderr: [hls @ 000001b946c7ed40]
stderr:  Opening 'D:\youtube\youtube-like-transcoder-main\uploads\96bc0c589783d4aef138557beeccf3e3_hls\720p_012.ts' for writing

stderr: [hls @ 000001b94456d380]
stderr:  Opening 'D:\youtube\youtube-like-transcoder-main\uploads\96bc0c589783d4aef138557beeccf3e3_hls\1080p_012.ts' for writing

stderr: frame= 3237 fps= 44 q=34.0 q=29.0 q=26.0 size=N/A time=00:01:50.08 bitrate=N/A speed= 1.5x elapsed=0:01:13.29    
stderr: frame= 3258 fps= 44 q=34.0 q=29.0 q=26.0 size=N/A time=00:01:50.97 bitrate=N/A speed= 1.5x elapsed=0:01:13.80    
stderr: frame= 3278 fps= 44 q=34.0 q=29.0 q=26.0 size=N/A time=00:01:51.57 bitrate=N/A speed= 1.5x elapsed=0:01:14.32    
stderr: frame= 3300 fps= 44 q=34.0 q=29.0 q=26.0 size=N/A time=00:01:52.17 bitrate=N/A speed= 1.5x elapsed=0:01:14.84    
stderr: frame= 3318 fps= 44 q=34.0 q=29.0 q=26.0 size=N/A time=00:01:52.78 bitrate=N/A speed= 1.5x elapsed=0:01:15.36    
stderr: frame= 3339 fps= 44 q=34.0 q=29.0 q=26.0 size=N/A time=00:01:53.68 bitrate=N/A speed= 1.5x elapsed=0:01:15.87    
stderr: frame= 3361 fps= 44 q=34.0 q=29.0 q=26.0 size=N/A time=00:01:54.28 bitrate=N/A speed= 1.5x elapsed=0:01:16.39    
stderr: frame= 3380 fps= 44 q=34.0 q=29.0 q=26.0 size=N/A time=00:01:54.88 bitrate=N/A speed=1.49x elapsed=0:01:16.92    
stderr: frame= 3401 fps= 44 q=34.0 q=29.0 q=26.0 size=N/A time=00:01:55.47 bitrate=N/A speed=1.49x elapsed=0:01:17.45    
stderr: frame= 3420 fps= 44 q=34.0 q=29.0 q=26.0 size=N/A time=00:01:56.37 bitrate=N/A speed=1.49x elapsed=0:01:17.98    
stderr: frame= 3440 fps= 44 q=34.0 q=29.0 q=26.0 size=N/A time=00:01:56.97 bitrate=N/A speed=1.49x elapsed=0:01:18.49    
stderr: [hls @ 000001b946a6e040] Opening 'D:\youtube\youtube-like-transcoder-main\uploads\96bc0c589783d4aef138557beeccf3e3_hls\360p_013.ts' for writing

stderr: frame= 3462 fps= 44 q=34.0 q=29.0 q=26.0 size=N/A time=00:01:57.58 bitrate=N/A speed=1.49x elapsed=0:01:19.01    
stderr: [hls @ 000001b946c7ed40] Opening 'D:\youtube\youtube-like-transcoder-main\uploads\96bc0c589783d4aef138557beeccf3e3_hls\720p_013.ts' for writing

stderr: [hls @ 000001b94456d380]
stderr:  Opening 'D:\youtube\youtube-like-transcoder-main\uploads\96bc0c589783d4aef138557beeccf3e3_hls\1080p_013.ts' for writing

stderr: frame= 3480 fps= 44 q=34.0 q=29.0 q=26.0 size=N/A time=00:01:58.25 bitrate=N/A speed=1.49x elapsed=0:01:19.53    
stderr: frame= 3502 fps= 44 q=34.0 q=29.0 q=26.0 size=N/A time=00:01:58.84 bitrate=N/A speed=1.48x elapsed=0:01:20.05    
stderr: frame= 3521 fps= 44 q=34.0 q=29.0 q=26.0 size=N/A time=00:01:59.74 bitrate=N/A speed=1.49x elapsed=0:01:20.56    
stderr: frame= 3543 fps= 44 q=34.0 q=29.0 q=26.0 size=N/A time=00:02:00.34 bitrate=N/A speed=1.48x elapsed=0:01:21.10    
stderr: frame= 3565 fps= 44 q=34.0 q=29.0 q=26.0 size=N/A time=00:02:00.93 bitrate=N/A speed=1.48x elapsed=0:01:21.62    
stderr: frame= 3584 fps= 44 q=34.0 q=29.0 q=26.0 size=N/A time=00:02:01.85 bitrate=N/A speed=1.48x elapsed=0:01:22.14    
stderr: frame= 3605 fps= 44 q=34.0 q=29.0 q=26.0 size=N/A time=00:02:02.45 bitrate=N/A speed=1.48x elapsed=0:01:22.64    
stderr: frame= 3624 fps= 44 q=34.0 q=29.0 q=26.0 size=N/A time=00:02:03.05 bitrate=N/A speed=1.48x elapsed=0:01:23.16    
stderr: frame= 3645 fps= 44 q=34.0 q=29.0 q=26.0 size=N/A time=00:02:03.64 bitrate=N/A speed=1.48x elapsed=0:01:23.68    
stderr: frame= 3667 fps= 44 q=34.0 q=29.0 q=26.0 size=N/A time=00:02:04.54 bitrate=N/A speed=1.48x elapsed=0:01:24.20    
stderr: frame= 3685 fps= 43 q=34.0 q=29.0 q=26.0 size=N/A time=00:02:05.14 bitrate=N/A speed=1.48x elapsed=0:01:24.72    
stderr: [hls @ 000001b946a6e040] Opening 'D:\youtube\youtube-like-transcoder-main\uploads\96bc0c589783d4aef138557beeccf3e3_hls\360p_014.ts' for writing

stderr: frame= 3708 fps= 43 q=34.0 q=29.0 q=26.0 size=N/A time=00:02:05.73 bitrate=N/A speed=1.47x elapsed=0:01:25.25    
stderr: [hls @ 000001b946c7ed40]
stderr:  Opening 'D:\youtube\youtube-like-transcoder-main\uploads\96bc0c589783d4aef138557beeccf3e3_hls\720p_014.ts' for writing

stderr: [hls @ 000001b94456d380] Opening 'D:\youtube\youtube-like-transcoder-main\uploads\96bc0c589783d4aef138557beeccf3e3_hls\1080p_014.ts' for writing

stderr: frame= 3724 fps= 43 q=34.0 q=29.0 q=26.0 size=N/A time=00:02:06.33 bitrate=N/A speed=1.47x elapsed=0:01:25.75    
stderr: frame= 3746 fps= 43 q=34.0 q=29.0 q=26.0 size=N/A time=00:02:07.25 bitrate=N/A speed=1.47x elapsed=0:01:26.27    
stderr: frame= 3767 fps= 43 q=34.0 q=29.0 q=26.0 size=N/A time=00:02:07.85 bitrate=N/A speed=1.47x elapsed=0:01:26.78    
stderr: frame= 3786 fps= 43 q=34.0 q=29.0 q=26.0 size=N/A time=00:02:08.44 bitrate=N/A speed=1.47x elapsed=0:01:27.31    
stderr: frame= 3808 fps= 43 q=34.0 q=29.0 q=26.0 size=N/A time=00:02:09.04 bitrate=N/A speed=1.47x elapsed=0:01:27.83    
stderr: frame= 3829 fps= 43 q=34.0 q=29.0 q=26.0 size=N/A time=00:02:09.94 bitrate=N/A speed=1.47x elapsed=0:01:28.35    
stderr: frame= 3849 fps= 43 q=34.0 q=29.0 q=26.0 size=N/A time=00:02:10.53 bitrate=N/A speed=1.47x elapsed=0:01:28.88    
stderr: frame= 3869 fps= 43 q=34.0 q=29.0 q=26.0 size=N/A time=00:02:11.13 bitrate=N/A speed=1.47x elapsed=0:01:29.39    
stderr: frame= 3888 fps= 43 q=34.0 q=29.0 q=26.0 size=N/A time=00:02:11.75 bitrate=N/A speed=1.47x elapsed=0:01:29.91    
stderr: frame= 3911 fps= 43 q=34.0 q=29.0 q=26.0 size=N/A time=00:02:12.65 bitrate=N/A speed=1.47x elapsed=0:01:30.44    
stderr: frame= 3933 fps= 43 q=34.0 q=29.0 q=26.0 size=N/A time=00:02:13.24 bitrate=N/A speed=1.46x elapsed=0:01:30.97    
stderr: frame= 3951 fps= 43 q=34.0 q=29.0 q=26.0 size=N/A time=00:02:13.84 bitrate=N/A speed=1.46x elapsed=0:01:31.49    
stderr: [hls @ 000001b946a6e040] Opening 'D:\youtube\youtube-like-transcoder-main\uploads\96bc0c589783d4aef138557beeccf3e3_hls\360p_015.ts' for writing

stderr: [hls @ 000001b946c7ed40] Opening 'D:\youtube\youtube-like-transcoder-main\uploads\96bc0c589783d4aef138557beeccf3e3_hls\720p_015.ts' for writing

stderr: [hls @ 000001b94456d380] Opening 'D:\youtube\youtube-like-transcoder-main\uploads\96bc0c589783d4aef138557beeccf3e3_hls\1080p_015.ts' for writing

stderr: frame= 3972 fps= 43 q=34.0 q=29.0 q=26.0 size=N/A time=00:02:14.74 bitrate=N/A speed=1.46x elapsed=0:01:32.02    
stderr: frame= 3991 fps= 43 q=34.0 q=29.0 q=26.0 size=N/A time=00:02:15.33 bitrate=N/A speed=1.46x elapsed=0:01:32.54    
stderr: frame= 4013 fps= 43 q=34.0 q=29.0 q=26.0 size=N/A time=00:02:15.93 bitrate=N/A speed=1.46x elapsed=0:01:33.05    
stderr: frame= 4034 fps= 43 q=34.0 q=29.0 q=26.0 size=N/A time=00:02:16.85 bitrate=N/A speed=1.46x elapsed=0:01:33.57    
stderr: frame= 4053 fps= 43 q=34.0 q=29.0 q=26.0 size=N/A time=00:02:17.45 bitrate=N/A speed=1.46x elapsed=0:01:34.09    
stderr: frame= 4075 fps= 43 q=34.0 q=29.0 q=26.0 size=N/A time=00:02:18.04 bitrate=N/A speed=1.46x elapsed=0:01:34.62    
stderr: frame= 4093 fps= 43 q=34.0 q=29.0 q=26.0 size=N/A time=00:02:18.64 bitrate=N/A speed=1.46x elapsed=0:01:35.13    
stderr: frame= 4116 fps= 43 q=34.0 q=29.0 q=26.0 size=N/A time=00:02:19.54 bitrate=N/A speed=1.46x elapsed=0:01:35.66    
stderr: frame= 4137 fps= 43 q=34.0 q=29.0 q=26.0 size=N/A time=00:02:20.13 bitrate=N/A speed=1.46x elapsed=0:01:36.19    
stderr: frame= 4157 fps= 43 q=34.0 q=29.0 q=26.0 size=N/A time=00:02:20.73 bitrate=N/A speed=1.46x elapsed=0:01:36.70    
stderr: frame= 4177 fps= 43 q=34.0 q=29.0 q=26.0 size=N/A time=00:02:21.35 bitrate=N/A speed=1.45x elapsed=0:01:37.22    
stderr: frame= 4197 fps= 43 q=34.0 q=29.0 q=26.0 size=N/A time=00:02:22.25 bitrate=N/A speed=1.46x elapsed=0:01:37.74    
stderr: [hls @ 000001b946a6e040] Opening 'D:\youtube\youtube-like-transcoder-main\uploads\96bc0c589783d4aef138557beeccf3e3_hls\360p_016.ts' for writing

stderr: frame= 4216 fps= 43 q=34.0 q=29.0 q=26.0 size=N/A time=00:02:22.84 bitrate=N/A speed=1.45x elapsed=0:01:38.26    
stderr: [hls @ 000001b946c7ed40]
stderr:  
stderr: Opening 'D:\youtube\youtube-like-transcoder-main\uploads\96bc0c589783d4aef138557beeccf3e3_hls\720p_016.ts' for writing
stderr: 

stderr: [hls @ 000001b94456d380] Opening 'D:\youtube\youtube-like-transcoder-main\uploads\96bc0c589783d4aef138557beeccf3e3_hls\1080p_016.ts' for writing

stderr: frame= 4237 fps= 43 q=34.0 q=29.0 q=26.0 size=N/A time=00:02:23.44 bitrate=N/A speed=1.45x elapsed=0:01:38.77    
stderr: frame= 4256 fps= 43 q=34.0 q=29.0 q=26.0 size=N/A time=00:02:24.04 bitrate=N/A speed=1.45x elapsed=0:01:39.29    
stderr: frame= 4278 fps= 43 q=34.0 q=29.0 q=26.0 size=N/A time=00:02:24.93 bitrate=N/A speed=1.45x elapsed=0:01:39.81    
stderr: frame= 4298 fps= 43 q=34.0 q=29.0 q=26.0 size=N/A time=00:02:25.53 bitrate=N/A speed=1.45x elapsed=0:01:40.34    
stderr: frame= 4319 fps= 43 q=34.0 q=29.0 q=26.0 size=N/A time=00:02:26.15 bitrate=N/A speed=1.45x elapsed=0:01:40.84    
stderr: frame= 4341 fps= 43 q=34.0 q=29.0 q=26.0 size=N/A time=00:02:27.05 bitrate=N/A speed=1.45x elapsed=0:01:41.36    
stderr: frame= 4360 fps= 43 q=34.0 q=29.0 q=26.0 size=N/A time=00:02:27.64 bitrate=N/A speed=1.45x elapsed=0:01:41.88    
stderr: frame= 4382 fps= 43 q=34.0 q=29.0 q=26.0 size=N/A time=00:02:28.24 bitrate=N/A speed=1.45x elapsed=0:01:42.40    
stderr: frame= 4403 fps= 43 q=34.0 q=29.0 q=26.0 size=N/A time=00:02:29.14 bitrate=N/A speed=1.45x elapsed=0:01:42.93    
stderr: frame= 4423 fps= 43 q=34.0 q=29.0 q=26.0 size=N/A time=00:02:29.73 bitrate=N/A speed=1.45x elapsed=0:01:43.45    
stderr: frame= 4445 fps= 43 q=34.0 q=29.0 q=26.0 size=N/A time=00:02:30.33 bitrate=N/A speed=1.45x elapsed=0:01:43.97    
stderr: [hls @ 000001b946a6e040] Opening 'D:\youtube\youtube-like-transcoder-main\uploads\96bc0c589783d4aef138557beeccf3e3_hls\360p_017.ts' for writing

stderr: frame= 4464 fps= 43 q=34.0 q=29.0 q=26.0 size=N/A time=00:02:30.95 bitrate=N/A speed=1.44x elapsed=0:01:44.50    
stderr: [hls @ 000001b946c7ed40] Opening 'D:\youtube\youtube-like-transcoder-main\uploads\96bc0c589783d4aef138557beeccf3e3_hls\720p_017.ts' for writing

stderr: [hls @ 000001b94456d380] Opening 'D:\youtube\youtube-like-transcoder-main\uploads\96bc0c589783d4aef138557beeccf3e3_hls\1080p_017.ts' for writing

stderr: frame= 4485 fps= 43 q=34.0 q=29.0 q=26.0 size=N/A time=00:02:31.85 bitrate=N/A speed=1.45x elapsed=0:01:45.02    
stderr: frame= 4504 fps= 43 q=34.0 q=29.0 q=26.0 size=N/A time=00:02:32.44 bitrate=N/A speed=1.44x elapsed=0:01:45.54    
stderr: frame= 4526 fps= 43 q=34.0 q=29.0 q=26.0 size=N/A time=00:02:33.04 bitrate=N/A speed=1.44x elapsed=0:01:46.06    
stderr: frame= 4548 fps= 43 q=34.0 q=29.0 q=26.0 size=N/A time=00:02:33.94 bitrate=N/A speed=1.44x elapsed=0:01:46.58    
stderr: frame= 4566 fps= 43 q=34.0 q=29.0 q=26.0 size=N/A time=00:02:34.53 bitrate=N/A speed=1.44x elapsed=0:01:47.09    
stderr: frame= 4589 fps= 43 q=34.0 q=29.0 q=26.0 size=N/A time=00:02:35.13 bitrate=N/A speed=1.44x elapsed=0:01:47.61    
stderr: frame= 4609 fps= 43 q=34.0 q=29.0 q=26.0 size=N/A time=00:02:35.75 bitrate=N/A speed=1.44x elapsed=0:01:48.13    
stderr: frame= 4629 fps= 43 q=34.0 q=29.0 q=26.0 size=N/A time=00:02:36.65 bitrate=N/A speed=1.44x elapsed=0:01:48.64    
stderr: frame= 4652 fps= 43 q=34.0 q=29.0 q=26.0 size=N/A time=00:02:37.24 bitrate=N/A speed=1.44x elapsed=0:01:49.16    
stderr: frame= 4671 fps= 43 q=34.0 q=29.0 q=26.0 size=N/A time=00:02:37.84 bitrate=N/A speed=1.44x elapsed=0:01:49.68    
stderr: frame= 4692 fps= 43 q=34.0 q=29.0 q=26.0 size=N/A time=00:02:38.74 bitrate=N/A speed=1.44x elapsed=0:01:50.19    
stderr: [hls @ 000001b946a6e040] Opening 'D:\youtube\youtube-like-transcoder-main\uploads\96bc0c589783d4aef138557beeccf3e3_hls\360p_018.ts' for writing

stderr: frame= 4712 fps= 43 q=34.0 q=29.0 q=26.0 size=N/A time=00:02:39.33 bitrate=N/A speed=1.44x elapsed=0:01:50.71    
stderr: [hls @ 000001b946c7ed40]
stderr:  
stderr: Opening 'D:\youtube\youtube-like-transcoder-main\uploads\96bc0c589783d4aef138557beeccf3e3_hls\720p_018.ts' for writing

stderr: [hls @ 000001b94456d380]
stderr:  
stderr: Opening 'D:\youtube\youtube-like-transcoder-main\uploads\96bc0c589783d4aef138557beeccf3e3_hls\1080p_018.ts' for writing

stderr: frame= 4731 fps= 43 q=34.0 q=29.0 q=26.0 size=N/A time=00:02:39.93 bitrate=N/A speed=1.44x elapsed=0:01:51.22    
stderr: frame= 4753 fps= 43 q=34.0 q=29.0 q=26.0 size=N/A time=00:02:40.55 bitrate=N/A speed=1.44x elapsed=0:01:51.75    
stderr: frame= 4771 fps= 42 q=34.0 q=29.0 q=26.0 size=N/A time=00:02:41.15 bitrate=N/A speed=1.44x elapsed=0:01:52.26    
stderr: frame= 4793 fps= 42 q=34.0 q=29.0 q=26.0 size=N/A time=00:02:42.04 bitrate=N/A speed=1.44x elapsed=0:01:52.79    
stderr: frame= 4814 fps= 42 q=34.0 q=29.0 q=26.0 size=N/A time=00:02:42.64 bitrate=N/A speed=1.44x elapsed=0:01:53.31    
stderr: frame= 4834 fps= 42 q=34.0 q=29.0 q=26.0 size=N/A time=00:02:43.24 bitrate=N/A speed=1.43x elapsed=0:01:53.83    
stderr: frame= 4856 fps= 42 q=34.0 q=29.0 q=26.0 size=N/A time=00:02:44.13 bitrate=N/A speed=1.44x elapsed=0:01:54.34    
stderr: frame= 4875 fps= 42 q=34.0 q=29.0 q=26.0 size=N/A time=00:02:44.73 bitrate=N/A speed=1.43x elapsed=0:01:54.86    
stderr: frame= 4896 fps= 42 q=34.0 q=29.0 q=26.0 size=N/A time=00:02:45.35 bitrate=N/A speed=1.43x elapsed=0:01:55.37    
stderr: frame= 4918 fps= 42 q=34.0 q=29.0 q=26.0 size=N/A time=00:02:46.25 bitrate=N/A speed=1.43x elapsed=0:01:55.90    
stderr: frame= 4937 fps= 42 q=34.0 q=29.0 q=26.0 size=N/A time=00:02:46.84 bitrate=N/A speed=1.43x elapsed=0:01:56.42    
stderr: [hls @ 000001b946a6e040] Opening 'D:\youtube\youtube-like-transcoder-main\uploads\96bc0c589783d4aef138557beeccf3e3_hls\360p_019.ts' for writing

stderr: frame= 4958 fps= 42 q=34.0 q=29.0 q=26.0 size=N/A time=00:02:47.44 bitrate=N/A speed=1.43x elapsed=0:01:56.93    
stderr: [hls @ 000001b946c7ed40] Opening 'D:\youtube\youtube-like-transcoder-main\uploads\96bc0c589783d4aef138557beeccf3e3_hls\720p_019.ts' for writing

stderr: [hls @ 000001b94456d380]
stderr:  Opening 'D:\youtube\youtube-like-transcoder-main\uploads\96bc0c589783d4aef138557beeccf3e3_hls\1080p_019.ts' for writing

stderr: frame= 4976 fps= 42 q=34.0 q=29.0 q=26.0 size=N/A time=00:02:48.04 bitrate=N/A speed=1.43x elapsed=0:01:57.45    
stderr: frame= 4997 fps= 42 q=34.0 q=29.0 q=26.0 size=N/A time=00:02:48.64 bitrate=N/A speed=1.43x elapsed=0:01:57.96    
stderr: frame= 5019 fps= 42 q=34.0 q=29.0 q=26.0 size=N/A time=00:02:49.55 bitrate=N/A speed=1.43x elapsed=0:01:58.48    
stderr: frame= 5038 fps= 42 q=34.0 q=29.0 q=26.0 size=N/A time=00:02:50.17 bitrate=N/A speed=1.43x elapsed=0:01:58.99    
stderr: frame= 5060 fps= 42 q=34.0 q=29.0 q=26.0 size=N/A time=00:02:50.77 bitrate=N/A speed=1.43x elapsed=0:01:59.50    
stderr: frame= 5078 fps= 42 q=34.0 q=29.0 q=26.0 size=N/A time=00:02:51.37 bitrate=N/A speed=1.43x elapsed=0:02:00.02    
stderr: frame= 5101 fps= 42 q=34.0 q=29.0 q=26.0 size=N/A time=00:02:52.28 bitrate=N/A speed=1.43x elapsed=0:02:00.54    
stderr: frame= 5122 fps= 42 q=34.0 q=29.0 q=26.0 size=N/A time=00:02:52.88 bitrate=N/A speed=1.43x elapsed=0:02:01.06    
stderr: frame= 5140 fps= 42 q=34.0 q=29.0 q=26.0 size=N/A time=00:02:53.48 bitrate=N/A speed=1.43x elapsed=0:02:01.57    
stderr: frame= 5160 fps= 42 q=34.0 q=29.0 q=26.0 size=N/A time=00:02:54.35 bitrate=N/A speed=1.43x elapsed=0:02:02.10    
stderr: frame= 5175 fps= 42 q=34.0 q=29.0 q=26.0 size=N/A time=00:02:54.67 bitrate=N/A speed=1.42x elapsed=0:02:02.61    
stderr: frame= 5195 fps= 42 q=34.0 q=29.0 q=26.0 size=N/A time=00:02:55.27 bitrate=N/A speed=1.42x elapsed=0:02:03.14    
stderr: [hls @ 000001b946a6e040] Opening 'D:\youtube\youtube-like-transcoder-main\uploads\96bc0c589783d4aef138557beeccf3e3_hls\360p_020.ts' for writing

stderr: frame= 5215 fps= 42 q=34.0 q=29.0 q=26.0 size=N/A time=00:02:56.17 bitrate=N/A speed=1.42x elapsed=0:02:03.66    
stderr: [hls @ 000001b946c7ed40] Opening 'D:\youtube\youtube-like-transcoder-main\uploads\96bc0c589783d4aef138557beeccf3e3_hls\720p_020.ts' for writing

stderr: [hls @ 000001b94456d380] Opening 'D:\youtube\youtube-like-transcoder-main\uploads\96bc0c589783d4aef138557beeccf3e3_hls\1080p_020.ts' for writing

stderr: frame= 5234 fps= 42 q=34.0 q=29.0 q=26.0 size=N/A time=00:02:56.78 bitrate=N/A speed=1.42x elapsed=0:02:04.18    
stderr: frame= 5256 fps= 42 q=34.0 q=29.0 q=26.0 size=N/A time=00:02:57.38 bitrate=N/A speed=1.42x elapsed=0:02:04.72    
stderr: frame= 5275 fps= 42 q=34.0 q=29.0 q=26.0 size=N/A time=00:02:57.98 bitrate=N/A speed=1.42x elapsed=0:02:05.24    
stderr: frame= 5297 fps= 42 q=34.0 q=29.0 q=26.0 size=N/A time=00:02:58.88 bitrate=N/A speed=1.42x elapsed=0:02:05.76    
stderr: frame= 5318 fps= 42 q=34.0 q=29.0 q=26.0 size=N/A time=00:02:59.47 bitrate=N/A speed=1.42x elapsed=0:02:06.27    
stderr: frame= 5337 fps= 42 q=34.0 q=29.0 q=26.0 size=N/A time=00:03:00.07 bitrate=N/A speed=1.42x elapsed=0:02:06.79    
stderr: frame= 5359 fps= 42 q=34.0 q=29.0 q=26.0 size=N/A time=00:03:00.97 bitrate=N/A speed=1.42x elapsed=0:02:07.30    
stderr: frame= 5379 fps= 42 q=34.0 q=29.0 q=26.0 size=N/A time=00:03:01.58 bitrate=N/A speed=1.42x elapsed=0:02:07.82    
stderr: frame= 5400 fps= 42 q=34.0 q=29.0 q=26.0 size=N/A time=00:03:02.18 bitrate=N/A speed=1.42x elapsed=0:02:08.33    
stderr: frame= 5422 fps= 42 q=34.0 q=29.0 q=26.0 size=N/A time=00:03:03.08 bitrate=N/A speed=1.42x elapsed=0:02:08.84    
stderr: frame= 5442 fps= 42 q=34.0 q=29.0 q=26.0 size=N/A time=00:03:03.68 bitrate=N/A speed=1.42x elapsed=0:02:09.36    
stderr: [hls @ 000001b946a6e040] Opening 'D:\youtube\youtube-like-transcoder-main\uploads\96bc0c589783d4aef138557beeccf3e3_hls\360p_021.ts' for writing

stderr: frame= 5462 fps= 42 q=34.0 q=29.0 q=26.0 size=N/A time=00:03:04.27 bitrate=N/A speed=1.42x elapsed=0:02:09.89    
stderr: [hls @ 000001b946c7ed40] Opening 'D:\youtube\youtube-like-transcoder-main\uploads\96bc0c589783d4aef138557beeccf3e3_hls\720p_021.ts' for writing

stderr: [hls @ 000001b94456d380] Opening 'D:\youtube\youtube-like-transcoder-main\uploads\96bc0c589783d4aef138557beeccf3e3_hls\1080p_021.ts' for writing

stderr: frame= 5482 fps= 42 q=34.0 q=29.0 q=26.0 size=N/A time=00:03:04.87 bitrate=N/A speed=1.42x elapsed=0:02:10.41    
stderr: frame= 5505 fps= 42 q=34.0 q=29.0 q=26.0 size=N/A time=00:03:05.77 bitrate=N/A speed=1.42x elapsed=0:02:10.94    
stderr: frame= 5526 fps= 42 q=34.0 q=29.0 q=26.0 size=N/A time=00:03:06.38 bitrate=N/A speed=1.42x elapsed=0:02:11.46    
stderr: frame= 5545 fps= 42 q=34.0 q=29.0 q=26.0 size=N/A time=00:03:06.98 bitrate=N/A speed=1.42x elapsed=0:02:11.98    
stderr: frame= 5567 fps= 42 q=34.0 q=29.0 q=26.0 size=N/A time=00:03:07.88 bitrate=N/A speed=1.42x elapsed=0:02:12.51    
stderr: frame= 5587 fps= 42 q=34.0 q=29.0 q=26.0 size=N/A time=00:03:08.48 bitrate=N/A speed=1.42x elapsed=0:02:13.03    
stderr: frame= 5609 fps= 42 q=34.0 q=29.0 q=26.0 size=N/A time=00:03:09.07 bitrate=N/A speed=1.42x elapsed=0:02:13.56    
stderr: frame= 5631 fps= 42 q=34.0 q=29.0 q=26.0 size=N/A time=00:03:09.97 bitrate=N/A speed=1.42x elapsed=0:02:14.08    
stderr: frame= 5650 fps= 42 q=34.0 q=29.0 q=26.0 size=N/A time=00:03:10.57 bitrate=N/A speed=1.42x elapsed=0:02:14.60    
stderr: frame= 5672 fps= 42 q=34.0 q=29.0 q=26.0 size=N/A time=00:03:11.18 bitrate=N/A speed=1.41x elapsed=0:02:15.12    
stderr: frame= 5691 fps= 42 q=34.0 q=29.0 q=26.0 size=N/A time=00:03:12.08 bitrate=N/A speed=1.42x elapsed=0:02:15.64    
stderr: [hls @ 000001b946a6e040] Opening 'D:\youtube\youtube-like-transcoder-main\uploads\96bc0c589783d4aef138557beeccf3e3_hls\360p_022.ts' for writing

stderr: frame= 5711 fps= 42 q=34.0 q=29.0 q=26.0 size=N/A time=00:03:12.68 bitrate=N/A speed=1.42x elapsed=0:02:16.15    
stderr: [hls @ 000001b946c7ed40] Opening 'D:\youtube\youtube-like-transcoder-main\uploads\96bc0c589783d4aef138557beeccf3e3_hls\720p_022.ts' for writing

stderr: [hls @ 000001b94456d380]
stderr:  
stderr: Opening 'D:\youtube\youtube-like-transcoder-main\uploads\96bc0c589783d4aef138557beeccf3e3_hls\1080p_022.ts' for writing

stderr: frame= 5733 fps= 42 q=34.0 q=29.0 q=26.0 size=N/A time=00:03:13.28 bitrate=N/A speed=1.41x elapsed=0:02:16.69    
stderr: frame= 5752 fps= 42 q=34.0 q=29.0 q=26.0 size=N/A time=00:03:13.87 bitrate=N/A speed=1.41x elapsed=0:02:17.20    
stderr: frame= 5774 fps= 42 q=34.0 q=29.0 q=26.0 size=N/A time=00:03:14.77 bitrate=N/A speed=1.41x elapsed=0:02:17.72    
stderr: frame= 5794 fps= 42 q=34.0 q=29.0 q=26.0 size=N/A time=00:03:15.37 bitrate=N/A speed=1.41x elapsed=0:02:18.24    
stderr: frame= 5815 fps= 42 q=34.0 q=29.0 q=26.0 size=N/A time=00:03:15.98 bitrate=N/A speed=1.41x elapsed=0:02:18.76    
stderr: frame= 5837 fps= 42 q=34.0 q=29.0 q=26.0 size=N/A time=00:03:16.88 bitrate=N/A speed=1.41x elapsed=0:02:19.28    
stderr: frame= 5857 fps= 42 q=34.0 q=29.0 q=26.0 size=N/A time=00:03:17.48 bitrate=N/A speed=1.41x elapsed=0:02:19.80    
stderr: frame= 5878 fps= 42 q=34.0 q=29.0 q=26.0 size=N/A time=00:03:18.08 bitrate=N/A speed=1.41x elapsed=0:02:20.32    
stderr: frame= 5899 fps= 42 q=34.0 q=29.0 q=26.0 size=N/A time=00:03:18.97 bitrate=N/A speed=1.41x elapsed=0:02:20.84    
stderr: frame= 5919 fps= 42 q=34.0 q=29.0 q=26.0 size=N/A time=00:03:19.57 bitrate=N/A speed=1.41x elapsed=0:02:21.36    
stderr: frame= 5940 fps= 42 q=34.0 q=29.0 q=26.0 size=N/A time=00:03:20.17 bitrate=N/A speed=1.41x elapsed=0:02:21.87    
stderr: [hls @ 000001b946a6e040] Opening 'D:\youtube\youtube-like-transcoder-main\uploads\96bc0c589783d4aef138557beeccf3e3_hls\360p_023.ts' for writing

stderr: frame= 5958 fps= 42 q=34.0 q=29.0 q=26.0 size=N/A time=00:03:20.78 bitrate=N/A speed=1.41x elapsed=0:02:22.41    
stderr: [hls @ 000001b946c7ed40] Opening 'D:\youtube\youtube-like-transcoder-main\uploads\96bc0c589783d4aef138557beeccf3e3_hls\720p_023.ts' for writing

stderr: [hls @ 000001b94456d380]
stderr:  
stderr: Opening 'D:\youtube\youtube-like-transcoder-main\uploads\96bc0c589783d4aef138557beeccf3e3_hls\1080p_023.ts' for writing

stderr: frame= 5979 fps= 42 q=34.0 q=29.0 q=26.0 size=N/A time=00:03:21.68 bitrate=N/A speed=1.41x elapsed=0:02:22.93    
stderr: frame= 5999 fps= 42 q=34.0 q=29.0 q=26.0 size=N/A time=00:03:22.28 bitrate=N/A speed=1.41x elapsed=0:02:23.45    
stderr: frame= 6020 fps= 42 q=34.0 q=29.0 q=26.0 size=N/A time=00:03:22.88 bitrate=N/A speed=1.41x elapsed=0:02:23.96    
stderr: frame= 6042 fps= 42 q=34.0 q=29.0 q=26.0 size=N/A time=00:03:23.77 bitrate=N/A speed=1.41x elapsed=0:02:24.47    
stderr: frame= 6061 fps= 42 q=34.0 q=29.0 q=26.0 size=N/A time=00:03:24.37 bitrate=N/A speed=1.41x elapsed=0:02:24.99    
stderr: frame= 6082 fps= 42 q=34.0 q=29.0 q=26.0 size=N/A time=00:03:24.97 bitrate=N/A speed=1.41x elapsed=0:02:25.51    
stderr: frame= 6100 fps= 42 q=34.0 q=29.0 q=26.0 size=N/A time=00:03:25.58 bitrate=N/A speed=1.41x elapsed=0:02:26.02    
stderr: frame= 6121 fps= 42 q=34.0 q=29.0 q=26.0 size=N/A time=00:03:26.18 bitrate=N/A speed=1.41x elapsed=0:02:26.53    
stderr: frame= 6143 fps= 42 q=34.0 q=29.0 q=26.0 size=N/A time=00:03:27.08 bitrate=N/A speed=1.41x elapsed=0:02:27.06    
stderr: frame= 6163 fps= 42 q=34.0 q=29.0 q=26.0 size=N/A time=00:03:27.68 bitrate=N/A speed=1.41x elapsed=0:02:27.59    
stderr: frame= 6185 fps= 42 q=34.0 q=29.0 q=26.0 size=N/A time=00:03:28.27 bitrate=N/A speed=1.41x elapsed=0:02:28.12    
stderr: frame= 6205 fps= 42 q=34.0 q=29.0 q=26.0 size=N/A time=00:03:29.17 bitrate=N/A speed=1.41x elapsed=0:02:28.64    
stderr: [hls @ 000001b946a6e040] Opening 'D:\youtube\youtube-like-transcoder-main\uploads\96bc0c589783d4aef138557beeccf3e3_hls\360p_024.ts' for writing

stderr: [hls @ 000001b946c7ed40] Opening 'D:\youtube\youtube-like-transcoder-main\uploads\96bc0c589783d4aef138557beeccf3e3_hls\720p_024.ts' for writing

stderr: [hls @ 000001b94456d380]
stderr:  
stderr: Opening 'D:\youtube\youtube-like-transcoder-main\uploads\96bc0c589783d4aef138557beeccf3e3_hls\1080p_024.ts' for writing

stderr: frame= 6222 fps= 42 q=34.0 q=29.0 q=26.0 size=N/A time=00:03:29.77 bitrate=N/A speed=1.41x elapsed=0:02:29.15    
stderr: frame= 6244 fps= 42 q=34.0 q=29.0 q=26.0 size=N/A time=00:03:30.38 bitrate=N/A speed=1.41x elapsed=0:02:29.66    
stderr: frame= 6264 fps= 42 q=34.0 q=29.0 q=26.0 size=N/A time=00:03:30.98 bitrate=N/A speed= 1.4x elapsed=0:02:30.18    
stderr: frame= 6286 fps= 42 q=34.0 q=29.0 q=26.0 size=N/A time=00:03:31.88 bitrate=N/A speed=1.41x elapsed=0:02:30.70    
stderr: frame= 6307 fps= 42 q=34.0 q=29.0 q=26.0 size=N/A time=00:03:32.48 bitrate=N/A speed=1.41x elapsed=0:02:31.23    
stderr: frame= 6327 fps= 42 q=34.0 q=29.0 q=26.0 size=N/A time=00:03:33.07 bitrate=N/A speed= 1.4x elapsed=0:02:31.74    
stderr: frame= 6347 fps= 42 q=34.0 q=29.0 q=26.0 size=N/A time=00:03:33.67 bitrate=N/A speed= 1.4x elapsed=0:02:32.25    
stderr: frame= 6368 fps= 42 q=34.0 q=29.0 q=26.0 size=N/A time=00:03:34.57 bitrate=N/A speed= 1.4x elapsed=0:02:32.78    
stderr: frame= 6389 fps= 42 q=34.0 q=29.0 q=26.0 size=N/A time=00:03:35.18 bitrate=N/A speed= 1.4x elapsed=0:02:33.30    
stderr: frame= 6410 fps= 42 q=34.0 q=29.0 q=26.0 size=N/A time=00:03:35.78 bitrate=N/A speed= 1.4x elapsed=0:02:33.81    
stderr: frame= 6430 fps= 42 q=34.0 q=29.0 q=26.0 size=N/A time=00:03:36.68 bitrate=N/A speed= 1.4x elapsed=0:02:34.33    
stderr: frame= 6451 fps= 42 q=34.0 q=29.0 q=26.0 size=N/A time=00:03:37.28 bitrate=N/A speed= 1.4x elapsed=0:02:34.85    
stderr: [hls @ 000001b946a6e040] Opening 'D:\youtube\youtube-like-transcoder-main\uploads\96bc0c589783d4aef138557beeccf3e3_hls\360p_025.ts' for writing

stderr: [hls @ 000001b946c7ed40] Opening 'D:\youtube\youtube-like-transcoder-main\uploads\96bc0c589783d4aef138557beeccf3e3_hls\720p_025.ts' for writing

stderr: [hls @ 000001b94456d380] Opening 'D:\youtube\youtube-like-transcoder-main\uploads\96bc0c589783d4aef138557beeccf3e3_hls\1080p_025.ts' for writing

stderr: frame= 6470 fps= 42 q=34.0 q=29.0 q=26.0 size=N/A time=00:03:37.87 bitrate=N/A speed= 1.4x elapsed=0:02:35.37    
stderr: frame= 6491 fps= 42 q=34.0 q=29.0 q=26.0 size=N/A time=00:03:38.47 bitrate=N/A speed= 1.4x elapsed=0:02:35.90    
stderr: frame= 6513 fps= 42 q=34.0 q=29.0 q=26.0 size=N/A time=00:03:39.37 bitrate=N/A speed= 1.4x elapsed=0:02:36.42    
stderr: frame= 6532 fps= 42 q=34.0 q=29.0 q=26.0 size=N/A time=00:03:39.98 bitrate=N/A speed= 1.4x elapsed=0:02:36.94    
stderr: frame= 6553 fps= 42 q=34.0 q=29.0 q=26.0 size=N/A time=00:03:40.58 bitrate=N/A speed= 1.4x elapsed=0:02:37.45    
stderr: frame= 6573 fps= 42 q=34.0 q=29.0 q=26.0 size=N/A time=00:03:41.48 bitrate=N/A speed= 1.4x elapsed=0:02:37.97    
stderr: frame= 6594 fps= 42 q=34.0 q=29.0 q=26.0 size=N/A time=00:03:42.08 bitrate=N/A speed= 1.4x elapsed=0:02:38.49    
stderr: frame= 6615 fps= 42 q=34.0 q=29.0 q=26.0 size=N/A time=00:03:42.67 bitrate=N/A speed= 1.4x elapsed=0:02:39.00    
stderr: frame= 6634 fps= 42 q=34.0 q=29.0 q=26.0 size=N/A time=00:03:43.29 bitrate=N/A speed= 1.4x elapsed=0:02:39.53    
stderr: frame= 6655 fps= 42 q=34.0 q=29.0 q=26.0 size=N/A time=00:03:43.93 bitrate=N/A speed= 1.4x elapsed=0:02:40.05    
stderr: frame= 6675 fps= 42 q=34.0 q=29.0 q=26.0 size=N/A time=00:03:44.85 bitrate=N/A speed= 1.4x elapsed=0:02:40.56    
stderr: frame= 6696 fps= 42 q=31.0 q=26.0 q=26.0 size=N/A time=00:03:45.45 bitrate=N/A speed= 1.4x elapsed=0:02:41.08    
stderr: [hls @ 000001b946a6e040] Opening 'D:\youtube\youtube-like-transcoder-main\uploads\96bc0c589783d4aef138557beeccf3e3_hls\360p_026.ts' for writing

stderr: frame= 6715 fps= 42 q=34.0 q=29.0 q=26.0 size=N/A time=00:03:46.04 bitrate=N/A speed= 1.4x elapsed=0:02:41.60    
stderr: [hls @ 000001b946c7ed40] Opening 'D:\youtube\youtube-like-transcoder-main\uploads\96bc0c589783d4aef138557beeccf3e3_hls\720p_026.ts' for writing

stderr: [hls @ 000001b94456d380]
stderr:  
stderr: Opening 'D:\youtube\youtube-like-transcoder-main\uploads\96bc0c589783d4aef138557beeccf3e3_hls\1080p_026.ts' for writing

stderr: frame= 6734 fps= 42 q=34.0 q=29.0 q=26.0 size=N/A time=00:03:46.64 bitrate=N/A speed= 1.4x elapsed=0:02:42.12    
stderr: frame= 6756 fps= 42 q=34.0 q=29.0 q=26.0 size=N/A time=00:03:47.54 bitrate=N/A speed= 1.4x elapsed=0:02:42.64    
stderr: frame= 6777 fps= 42 q=34.0 q=29.0 q=26.0 size=N/A time=00:03:48.13 bitrate=N/A speed= 1.4x elapsed=0:02:43.16    
stderr: frame= 6798 fps= 42 q=34.0 q=29.0 q=26.0 size=N/A time=00:03:48.73 bitrate=N/A speed= 1.4x elapsed=0:02:43.67    
stderr: frame= 6819 fps= 42 q=34.0 q=29.0 q=26.0 size=N/A time=00:03:49.65 bitrate=N/A speed= 1.4x elapsed=0:02:44.19    
stderr: frame= 6839 fps= 42 q=34.0 q=29.0 q=26.0 size=N/A time=00:03:50.25 bitrate=N/A speed= 1.4x elapsed=0:02:44.70    
stderr: frame= 6861 fps= 42 q=34.0 q=29.0 q=26.0 size=N/A time=00:03:50.84 bitrate=N/A speed= 1.4x elapsed=0:02:45.22    
stderr: frame= 6881 fps= 42 q=34.0 q=29.0 q=26.0 size=N/A time=00:03:51.74 bitrate=N/A speed= 1.4x elapsed=0:02:45.74    
stderr: frame= 6901 fps= 42 q=34.0 q=29.0 q=26.0 size=N/A time=00:03:52.34 bitrate=N/A speed= 1.4x elapsed=0:02:46.26    
stderr: frame= 6922 fps= 42 q=34.0 q=29.0 q=26.0 size=N/A time=00:03:52.93 bitrate=N/A speed= 1.4x elapsed=0:02:46.77    
stderr: frame= 6941 fps= 41 q=34.0 q=29.0 q=26.0 size=N/A time=00:03:53.53 bitrate=N/A speed= 1.4x elapsed=0:02:47.28    
stderr: [hls @ 000001b946a6e040] Opening 'D:\youtube\youtube-like-transcoder-main\uploads\96bc0c589783d4aef138557beeccf3e3_hls\360p_027.ts' for writing

stderr: frame= 6961 fps= 41 q=34.0 q=29.0 q=26.0 size=N/A time=00:03:54.15 bitrate=N/A speed= 1.4x elapsed=0:02:47.81    
stderr: [hls @ 000001b946c7ed40] Opening 'D:\youtube\youtube-like-transcoder-main\uploads\96bc0c589783d4aef138557beeccf3e3_hls\720p_027.ts' for writing

stderr: [hls @ 000001b94456d380] Opening 'D:\youtube\youtube-like-transcoder-main\uploads\96bc0c589783d4aef138557beeccf3e3_hls\1080p_027.ts' for writing

stderr: frame= 6981 fps= 41 q=34.0 q=29.0 q=26.0 size=N/A time=00:03:55.05 bitrate=N/A speed= 1.4x elapsed=0:02:48.33    
stderr: frame= 7001 fps= 41 q=34.0 q=29.0 q=26.0 size=N/A time=00:03:55.64 bitrate=N/A speed= 1.4x elapsed=0:02:48.85    
stderr: frame= 7022 fps= 41 q=34.0 q=29.0 q=26.0 size=N/A time=00:03:56.24 bitrate=N/A speed=1.39x elapsed=0:02:49.36    
stderr: frame= 7041 fps= 41 q=34.0 q=29.0 q=26.0 size=N/A time=00:03:56.84 bitrate=N/A speed=1.39x elapsed=0:02:49.89    
stderr: frame= 7061 fps= 41 q=34.0 q=29.0 q=26.0 size=N/A time=00:03:57.73 bitrate=N/A speed= 1.4x elapsed=0:02:50.39    
stderr: frame= 7082 fps= 41 q=34.0 q=29.0 q=26.0 size=N/A time=00:03:58.33 bitrate=N/A speed=1.39x elapsed=0:02:50.91    
stderr: frame= 7101 fps= 41 q=34.0 q=29.0 q=26.0 size=N/A time=00:03:58.95 bitrate=N/A speed=1.39x elapsed=0:02:51.43    
stderr: frame= 7122 fps= 41 q=34.0 q=29.0 q=26.0 size=N/A time=00:03:59.55 bitrate=N/A speed=1.39x elapsed=0:02:51.95    
stderr: frame= 7143 fps= 41 q=34.0 q=29.0 q=26.0 size=N/A time=00:04:00.44 bitrate=N/A speed=1.39x elapsed=0:02:52.48    
stderr: frame= 7163 fps= 41 q=34.0 q=29.0 q=26.0 size=N/A time=00:04:01.04 bitrate=N/A speed=1.39x elapsed=0:02:52.99    
stderr: frame= 7184 fps= 41 q=34.0 q=29.0 q=26.0 size=N/A time=00:04:01.64 bitrate=N/A speed=1.39x elapsed=0:02:53.51    
stderr: frame= 7203 fps= 41 q=34.0 q=29.0 q=26.0 size=N/A time=00:04:02.24 bitrate=N/A speed=1.39x elapsed=0:02:54.02    
stderr: [hls @ 000001b946a6e040] Opening 'D:\youtube\youtube-like-transcoder-main\uploads\96bc0c589783d4aef138557beeccf3e3_hls\360p_028.ts' for writing

stderr: [hls @ 000001b946c7ed40] Opening 'D:\youtube\youtube-like-transcoder-main\uploads\96bc0c589783d4aef138557beeccf3e3_hls\720p_028.ts' for writing

stderr: [hls @ 000001b94456d380] Opening 'D:\youtube\youtube-like-transcoder-main\uploads\96bc0c589783d4aef138557beeccf3e3_hls\1080p_028.ts' for writing

stderr: frame= 7223 fps= 41 q=34.0 q=29.0 q=26.0 size=N/A time=00:04:03.13 bitrate=N/A speed=1.39x elapsed=0:02:54.54    
stderr: frame= 7241 fps= 41 q=34.0 q=29.0 q=26.0 size=N/A time=00:04:03.75 bitrate=N/A speed=1.39x elapsed=0:02:55.06    
stderr: frame= 7263 fps= 41 q=34.0 q=29.0 q=26.0 size=N/A time=00:04:04.35 bitrate=N/A speed=1.39x elapsed=0:02:55.57    
stderr: frame= 7285 fps= 41 q=34.0 q=29.0 q=26.0 size=N/A time=00:04:04.94 bitrate=N/A speed=1.39x elapsed=0:02:56.09    
stderr: frame= 7304 fps= 41 q=34.0 q=29.0 q=26.0 size=N/A time=00:04:05.84 bitrate=N/A speed=1.39x elapsed=0:02:56.61    
stderr: frame= 7325 fps= 41 q=34.0 q=29.0 q=26.0 size=N/A time=00:04:06.44 bitrate=N/A speed=1.39x elapsed=0:02:57.12    
stderr: frame= 7346 fps= 41 q=34.0 q=29.0 q=26.0 size=N/A time=00:04:07.04 bitrate=N/A speed=1.39x elapsed=0:02:57.65    
stderr: frame= 7366 fps= 41 q=34.0 q=29.0 q=26.0 size=N/A time=00:04:07.63 bitrate=N/A speed=1.39x elapsed=0:02:58.17    
stderr: frame= 7388 fps= 41 q=34.0 q=29.0 q=26.0 size=N/A time=00:04:08.55 bitrate=N/A speed=1.39x elapsed=0:02:58.68    
stderr: frame= 7407 fps= 41 q=34.0 q=29.0 q=26.0 size=N/A time=00:04:09.15 bitrate=N/A speed=1.39x elapsed=0:02:59.20    
stderr: frame= 7429 fps= 41 q=34.0 q=29.0 q=26.0 size=N/A time=00:04:09.81 bitrate=N/A speed=1.39x elapsed=0:02:59.73    
stderr: frame= 7449 fps= 41 q=34.0 q=29.0 q=23.0 size=N/A time=00:04:10.41 bitrate=N/A speed=1.39x elapsed=0:03:00.25    
stderr: [hls @ 000001b946a6e040] Opening 'D:\youtube\youtube-like-transcoder-main\uploads\96bc0c589783d4aef138557beeccf3e3_hls\360p_029.ts' for writing

stderr: [hls @ 000001b946c7ed40] Opening 'D:\youtube\youtube-like-transcoder-main\uploads\96bc0c589783d4aef138557beeccf3e3_hls\720p_029.ts' for writing

stderr: frame= 7468 fps= 41 q=34.0 q=29.0 q=26.0 size=N/A time=00:04:11.00 bitrate=N/A speed=1.39x elapsed=0:03:00.79    
stderr: [hls @ 000001b94456d380] Opening 'D:\youtube\youtube-like-transcoder-main\uploads\96bc0c589783d4aef138557beeccf3e3_hls\1080p_029.ts' for writing

stderr: frame= 7487 fps= 41 q=34.0 q=29.0 q=26.0 size=N/A time=00:04:11.90 bitrate=N/A speed=1.39x elapsed=0:03:01.31    
stderr: frame= 7505 fps= 41 q=34.0 q=29.0 q=26.0 size=N/A time=00:04:12.50 bitrate=N/A speed=1.39x elapsed=0:03:01.83    
stderr: frame= 7527 fps= 41 q=34.0 q=29.0 q=26.0 size=N/A time=00:04:13.12 bitrate=N/A speed=1.39x elapsed=0:03:02.35    
stderr: frame= 7547 fps= 41 q=34.0 q=29.0 q=26.0 size=N/A time=00:04:13.71 bitrate=N/A speed=1.39x elapsed=0:03:02.87    
stderr: frame= 7567 fps= 41 q=34.0 q=29.0 q=26.0 size=N/A time=00:04:14.61 bitrate=N/A speed=1.39x elapsed=0:03:03.40    
stderr: frame= 7588 fps= 41 q=34.0 q=29.0 q=26.0 size=N/A time=00:04:15.21 bitrate=N/A speed=1.39x elapsed=0:03:03.92    
stderr: frame= 7606 fps= 41 q=34.0 q=29.0 q=26.0 size=N/A time=00:04:15.80 bitrate=N/A speed=1.39x elapsed=0:03:04.44    
stderr: frame= 7628 fps= 41 q=34.0 q=29.0 q=26.0 size=N/A time=00:04:16.40 bitrate=N/A speed=1.39x elapsed=0:03:04.96    
stderr: frame= 7649 fps= 41 q=34.0 q=29.0 q=26.0 size=N/A time=00:04:17.30 bitrate=N/A speed=1.39x elapsed=0:03:05.48    
stderr: frame= 7667 fps= 41 q=34.0 q=29.0 q=26.0 size=N/A time=00:04:17.92 bitrate=N/A speed=1.39x elapsed=0:03:05.99    
stderr: frame= 7685 fps= 41 q=34.0 q=29.0 q=26.0 size=N/A time=00:04:18.51 bitrate=N/A speed=1.39x elapsed=0:03:06.51    
stderr: frame= 7702 fps= 41 q=34.0 q=29.0 q=26.0 size=N/A time=00:04:19.11 bitrate=N/A speed=1.39x elapsed=0:03:07.03    
stderr: [hls @ 000001b946a6e040] Opening 'D:\youtube\youtube-like-transcoder-main\uploads\96bc0c589783d4aef138557beeccf3e3_hls\360p_030.ts' for writing

stderr: [hls @ 000001b946c7ed40]
stderr:  Opening 'D:\youtube\youtube-like-transcoder-main\uploads\96bc0c589783d4aef138557beeccf3e3_hls\720p_030.ts' for writing

stderr: [hls @ 000001b94456d380] Opening 'D:\youtube\youtube-like-transcoder-main\uploads\96bc0c589783d4aef138557beeccf3e3_hls\1080p_030.ts' for writing

stderr: frame= 7719 fps= 41 q=34.0 q=29.0 q=26.0 size=N/A time=00:04:19.41 bitrate=N/A speed=1.38x elapsed=0:03:07.56    
stderr: frame= 7737 fps= 41 q=34.0 q=29.0 q=26.0 size=N/A time=00:04:20.01 bitrate=N/A speed=1.38x elapsed=0:03:08.08    
stderr: frame= 7757 fps= 41 q=34.0 q=29.0 q=26.0 size=N/A time=00:04:20.90 bitrate=N/A speed=1.38x elapsed=0:03:08.60    
stderr: frame= 7778 fps= 41 q=34.0 q=29.0 q=26.0 size=N/A time=00:04:21.50 bitrate=N/A speed=1.38x elapsed=0:03:09.11    
stderr: frame= 7797 fps= 41 q=34.0 q=29.0 q=26.0 size=N/A time=00:04:22.10 bitrate=N/A speed=1.38x elapsed=0:03:09.63    
stderr: frame= 7819 fps= 41 q=34.0 q=29.0 q=26.0 size=N/A time=00:04:23.01 bitrate=N/A speed=1.38x elapsed=0:03:10.14    
stderr: frame= 7839 fps= 41 q=34.0 q=29.0 q=26.0 size=N/A time=00:04:23.61 bitrate=N/A speed=1.38x elapsed=0:03:10.66    
stderr: frame= 7861 fps= 41 q=34.0 q=29.0 q=26.0 size=N/A time=00:04:24.21 bitrate=N/A speed=1.38x elapsed=0:03:11.18    
stderr: frame= 7882 fps= 41 q=34.0 q=29.0 q=26.0 size=N/A time=00:04:25.10 bitrate=N/A speed=1.38x elapsed=0:03:11.70    
stderr: frame= 7900 fps= 41 q=34.0 q=29.0 q=26.0 size=N/A time=00:04:25.70 bitrate=N/A speed=1.38x elapsed=0:03:12.20    
stderr: frame= 7922 fps= 41 q=34.0 q=29.0 q=26.0 size=N/A time=00:04:26.30 bitrate=N/A speed=1.38x elapsed=0:03:12.72    
stderr: frame= 7942 fps= 41 q=34.0 q=29.0 q=26.0 size=N/A time=00:04:26.90 bitrate=N/A speed=1.38x elapsed=0:03:13.24    
stderr: [hls @ 000001b946a6e040]
stderr:  
stderr: Opening 'D:\youtube\youtube-like-transcoder-main\uploads\96bc0c589783d4aef138557beeccf3e3_hls\360p_031.ts' for writing
stderr: 

stderr: frame= 7959 fps= 41 q=34.0 q=29.0 q=26.0 size=N/A time=00:04:27.52 bitrate=N/A speed=1.38x elapsed=0:03:13.75    
stderr: [hls @ 000001b946c7ed40] Opening 'D:\youtube\youtube-like-transcoder-main\uploads\96bc0c589783d4aef138557beeccf3e3_hls\720p_031.ts' for writing

stderr: [hls @ 000001b94456d380] Opening 'D:\youtube\youtube-like-transcoder-main\uploads\96bc0c589783d4aef138557beeccf3e3_hls\1080p_031.ts' for writing

stderr: frame= 7979 fps= 41 q=34.0 q=29.0 q=26.0 size=N/A time=00:04:28.11 bitrate=N/A speed=1.38x elapsed=0:03:14.27    
stderr: frame= 7998 fps= 41 q=34.0 q=29.0 q=26.0 size=N/A time=00:04:28.71 bitrate=N/A speed=1.38x elapsed=0:03:14.79    
stderr: frame= 8020 fps= 41 q=34.0 q=29.0 q=26.0 size=N/A time=00:04:29.61 bitrate=N/A speed=1.38x elapsed=0:03:15.30    
stderr: frame= 8039 fps= 41 q=34.0 q=29.0 q=26.0 size=N/A time=00:04:30.20 bitrate=N/A speed=1.38x elapsed=0:03:15.82    
stderr: frame= 8059 fps= 41 q=34.0 q=29.0 q=26.0 size=N/A time=00:04:30.80 bitrate=N/A speed=1.38x elapsed=0:03:16.33    
stderr: frame= 8079 fps= 41 q=34.0 q=29.0 q=26.0 size=N/A time=00:04:31.40 bitrate=N/A speed=1.38x elapsed=0:03:16.84    
stderr: frame= 8099 fps= 41 q=34.0 q=29.0 q=26.0 size=N/A time=00:04:29.90 bitrate=N/A speed=1.37x elapsed=0:03:17.36    
stderr: frame= 8132 fps= 41 q=34.0 q=29.0 q=26.0 size=N/A time=N/A bitrate=N/A speed=N/A elapsed=0:03:17.89    
stderr: [hls @ 000001b946a6e040]
stderr:  
stderr: Opening 'D:\youtube\youtube-like-transcoder-main\uploads\96bc0c589783d4aef138557beeccf3e3_hls\360p_032.ts' for writing
stderr: 

stderr: [out#0/hls @ 000001b944506f00]
stderr:  
stderr: video:906KiB audio:76KiB subtitle:0KiB other streams:0KiB global headers:0KiB muxing overhead: unknown
stderr: 

stderr: [hls @ 000001b946c7ed40]
stderr:  Opening 'D:\youtube\youtube-like-transcoder-main\uploads\96bc0c589783d4aef138557beeccf3e3_hls\720p_032.ts' for writing

stderr: [out#1/hls @ 000001b944507980] video:2804KiB audio:76KiB subtitle:0KiB other streams:0KiB global headers:0KiB muxing overhead: unknown

stderr: [hls @ 000001b94456d380] Opening 'D:\youtube\youtube-like-transcoder-main\uploads\96bc0c589783d4aef138557beeccf3e3_hls\1080p_032.ts' for writing

stderr: [out#2/hls @ 000001b946c74600] video:5447KiB audio:76KiB subtitle:0KiB other streams:0KiB global headers:0KiB muxing overhead: unknown
frame= 8167 fps= 41 q=-1.0 Lq=-1.0 q=-1.0 size=N/A time=00:04:32.16 bitrate=N/A speed=1.37x elapsed=0:03:18.40    

stderr: [libx264 @ 000001b9463f3940] frame I:33    Avg QP:23.20  size: 14679
[libx264 @ 000001b9463f3940] frame P:2130  Avg QP:26.16  size:   121
[libx264 @ 000001b9463f3940] frame B:6004  Avg QP:34.52  size:    31
[libx264 @ 000001b9463f3940] consecutive B-frames:  1.2%  1.8%  1.7% 95.3%
[libx264 @ 000001b9463f3940] mb I  I16..4: 28.9% 31.3% 39.8%
[libx264 @ 000001b9463f3940] mb P  I16..4:  0.2%  0.1%  0.1%  P16..4:  0.4%  0.1%  0.1%  0.0%  0.0%    skip:98.9%

stderr: [libx264 @ 000001b9463f3940] mb B  I16..4:  0.0%  0.0%  0.0%  B16..8:  0.3%  0.0%  0.0%  direct: 0.0%  skip:99.6%  L0:47.6% L1:49.8% BI: 2.6%
[libx264 @ 000001b9463f3940] 8x8 transform intra:29.4% inter:25.2%

stderr: [libx264 @ 000001b9463f3940] coded y,uvDC,uvAC intra: 25.1% 24.5% 18.8% inter: 0.1% 0.0% 0.0%
[libx264 @ 000001b9463f3940] i16 v,h,dc,p: 37% 61%  2%  0%
[libx264 @ 000001b9463f3940] i8 v,h,dc,ddl,ddr,vr,hd,vl,hu: 51% 25% 20%  2%  0%  0%  0%  0%  1%
[libx264 @ 000001b9463f3940] i4 v,h,dc,ddl,ddr,vr,hd,vl,hu: 36% 40%  8%  2%  3%  3%  3%  3%  3%
[libx264 @ 000001b9463f3940] i8c dc,h,v,p: 78% 11% 10%  1%
[libx264 @ 000001b9463f3940] Weighted P-Frames: Y:0.0% UV:0.0%
[libx264 @ 000001b9463f3940] ref P L0: 76.5% 23.5%
[libx264 @ 000001b9463f3940] ref B L0: 84.4% 15.6%
[libx264 @ 000001b9463f3940] ref B L1: 92.9%  7.1%
[libx264 @ 000001b9463f3940] kb/s:27.23

stderr: [aac @ 000001b94458b840] Qavg: 120.000  Tr: 0.0%  TNS(L): 0.0%  TNS(S): 0.0%  M/S: 0.0%  I/S: 0.0%  PNS: 0.0%

stderr: [libx264 @ 000001b944568340] frame I:33    Avg QP:16.19  size: 46318
[libx264 @ 000001b944568340] frame P:2132  Avg QP:22.90  size:   393
[libx264 @ 000001b944568340] frame B:6002  Avg QP:30.33  size:    84
[libx264 @ 000001b944568340] consecutive B-frames:  1.2%  1.9%  2.1% 94.9%

stderr: [libx264 @ 000001b944568340] mb I  I16..4: 42.7% 31.9% 25.4%
[libx264 @ 000001b944568340] mb P  I16..4:  0.3%  0.1%  0.1%  P16..4:  0.3%  0.1%  0.0%  0.0%  0.0%    skip:99.1%
[libx264 @ 000001b944568340] mb B  I16..4:  0.0%  0.0%  0.0%  B16..8:  0.2%  0.0%  0.0%  direct: 0.0%  skip:99.7%  L0:49.8% L1:46.8% BI: 3.4%
[libx264 @ 000001b944568340] 8x8 transform intra:28.9% inter:27.4%
[libx264 @ 000001b944568340] coded y,uvDC,uvAC intra: 16.0% 17.7% 14.7% inter: 0.1% 0.0% 0.0%
[libx264 @ 000001b944568340] i16 v,h,dc,p: 54% 46%  0%  0%
[libx264 @ 000001b944568340] i8 v,h,dc,ddl,ddr,vr,hd,vl,hu: 45% 17% 37%  0%  0%  0%  0%  0%  0%
[libx264 @ 000001b944568340] i4 v,h,dc,ddl,ddr,vr,hd,vl,hu: 35% 35% 13%  2%  3%  3%  3%  3%  3%
[libx264 @ 000001b944568340] i8c dc,h,v,p: 76% 12% 12%  1%
[libx264 @ 000001b944568340] Weighted P-Frames: Y:0.0% UV:0.0%
[libx264 @ 000001b944568340] ref P L0: 78.9% 21.1%
[libx264 @ 000001b944568340] ref B L0: 86.2% 13.8%
[libx264 @ 000001b944568340] ref B L1: 94.0%  6.0%

stderr: [libx264 @ 000001b944568340] kb/s:84.35

stderr: [aac @ 000001b94456a640] Qavg: 120.000  Tr: 0.0%  TNS(L): 0.0%  TNS(S): 0.0%  M/S: 0.0%  I/S: 0.0%  PNS: 0.0%

stderr: [libx264 @ 000001b944570340]
stderr:  
stderr: frame I:33    Avg QP:10.41  size: 87969

stderr: [libx264 @ 000001b944570340]
stderr:  
stderr: frame P:2153  Avg QP:19.74  size:   790
[libx264 @ 000001b944570340] frame B:5981  Avg QP:26.98  size:   162
[libx264 @ 000001b944570340] consecutive B-frames:  1.6%  1.7%  1.9% 94.8%
[libx264 @ 000001b944570340] mb I  I16..4: 66.4% 16.3% 17.2%

stderr: [libx264 @ 000001b944570340] mb P  I16..4:  0.2%  0.1%  0.1%  P16..4:  0.2%  0.0%  0.0%  0.0%  0.0%    skip:99.3%
[libx264 @ 000001b944570340] mb B  I16..4:  0.0%  0.0%  0.0%  B16..8:  0.1%  0.0%  0.0%  direct: 0.0%  skip:99.8%  L0:46.3% L1:49.8% BI: 3.9%
[libx264 @ 000001b944570340] 8x8 transform intra:18.5% inter:26.3%
[libx264 @ 000001b944570340] coded y,uvDC,uvAC intra: 13.8% 14.2% 12.0% inter: 0.0% 0.0% 0.0%
[libx264 @ 000001b944570340] i16 v,h,dc,p: 66% 34%  0%  0%
[libx264 @ 000001b944570340] i8 v,h,dc,ddl,ddr,vr,hd,vl,hu: 46% 10% 43%  0%  0%  0%  0%  0%  0%
[libx264 @ 000001b944570340] i4 v,h,dc,ddl,ddr,vr,hd,vl,hu: 33% 31% 16%  3%  4%  4%  3%  3%  3%
[libx264 @ 000001b944570340] i8c dc,h,v,p: 79% 10% 10%  1%
[libx264 @ 000001b944570340] Weighted P-Frames: Y:0.0% UV:0.0%
[libx264 @ 000001b944570340] ref P L0: 80.6% 19.4%
[libx264 @ 000001b944570340] ref B L0: 90.5%  9.5%
[libx264 @ 000001b944570340] ref B L1: 95.6%  4.4%
[libx264 @ 000001b944570340] kb/s:163.88

stderr: [aac @ 000001b9445c3980] Qavg: 120.000  Tr: 0.0%  TNS(L): 0.0%  TNS(S): 0.0%  M/S: 0.0%  I/S: 0.0%  PNS: 0.0%

HLS output ready at D:\youtube\youtube-like-transcoder-main\uploads\96bc0c589783d4aef138557beeccf3e3_hls/master.m3u8
Thumbnail generation failed: Error: spawn ffprobe ENOENT
Thumbnail generation failed: Error: spawn ffprobe ENOENT
Error: read ECONNRESET
    at TLSWrap.onStreamRead (node:internal/stream_base_commons:216:20) {
  errno: -4077,
  code: 'ECONNRESET',
  syscall: 'read'
}
Error: read ECONNRESET
    at TLSWrap.onStreamRead (node:internal/stream_base_commons:216:20) {
  errno: -4077,
  code: 'ECONNRESET',
  syscall: 'read'
}
Error: read ECONNRESET
    at TLSWrap.onStreamRead (node:internal/stream_base_commons:216:20) {
  errno: -4077,
  code: 'ECONNRESET',
  syscall: 'read'
}
Error: getaddrinfo ENOTFOUND hot-sole-116733.upstash.io
    at GetAddrInfoReqWrap.onlookupall [as oncomplete] (node:dns:122:26) {
  errno: -3008,
  code: 'ENOTFOUND',
  syscall: 'getaddrinfo',
  hostname: 'hot-sole-116733.upstash.io'
}
Error: getaddrinfo ENOTFOUND hot-sole-116733.upstash.io
    at GetAddrInfoReqWrap.onlookupall [as oncomplete] (node:dns:122:26) {
  errno: -3008,
  code: 'ENOTFOUND',
  syscall: 'getaddrinfo',
  hostname: 'hot-sole-116733.upstash.io'
}
Error: getaddrinfo ENOTFOUND hot-sole-116733.upstash.io
    at GetAddrInfoReqWrap.onlookupall [as oncomplete] (node:dns:122:26) {
  errno: -3008,
  code: 'ENOTFOUND',
  syscall: 'getaddrinfo',
  hostname: 'hot-sole-116733.upstash.io'
}
